id;valor
1;153800
2;9000
3;37800
4;100000
5;25000
6;182900
7;157900
8;25000
9;181550
10;6000
11;175550
12;75500
13;1000
14;74500
15;184610
16;184610
17;128000
18;128000
19;370370
20;324485
21;45885
22;352295
23;335095
24;1800
25;7000
26;8375
27;25
28;182350
29;157350
30;25000
31;126600
32;101600
33;25000
34;153300
35;153300
36;217300
37;217300
38;152200
39;147900
40;4300
41;183100
42;183100
43;257650
44;257100
45;550
46;214100
47;214100
48;316315
49;311565
50;4750
51;1338541
52;116633
53;450000
54;673178
55;12000
56;27000
57;43740
58;15990
59;3777849
60;841508
61;31750
62;398615
63;1508000
64;160817
65;130100
66;229432
67;40000
68;33159
69;11600
70;84480
71;167033
72;141355
73;2211837
74;498641
75;106600
76;1292000
77;114000
78;42393
79;38008
80;44190
81;10000
82;11000
83;21000
84;34005
85;13614664
86;14605
87;588000
88;229732
89;226000
90;10067302
91;801156
92;1200499
93;59974
94;299700
95;54875
96;12000
97;15000
98;14132
99;24001
100;7688
101;2020630
102;130450
103;233750
104;126121
105;124350
106;300000
107;857000
108;84359
109;18000
110;12000
111;52600
112;45000
113;17000
114;16000
115;1000
116;3000
117;2512642
118;81945
119;126900
120;225482
121;1172000
122;550100
123;38517
124;46448
125;10000
126;17250
127;15000
128;189000
129;40000
130;26500
131;26500
132;366900
133;341900
134;25000
135;357850
136;302050
137;16000
138;9800
139;30000
140;389850
141;319600
142;70250
143;361050
144;10000
145;66300
146;304750
147;631290
148;17000
149;608300
150;11400
151;28590
152;269750
153;6000
154;275750
155;580890
156;17500
157;512400
158;12100
159;20000
160;10000
161;40000
162;3890
163;438020
164;384050
165;29000
166;24970
167;285700
168;260700
169;25000
170;384850
171;20000
172;226450
173;22800
174;25000
175;130588
176;12
177;127600
178;127600
179;1050650
180;71550
181;39500
182;630600
183;2000
184;30000
185;420000
186;100
187;832750
188;682200
189;71550
190;2000
191;30000
192;30000
193;17000
194;475500
195;40000
196;279200
197;162000
198;22000
199;27300
200;25000
201;1437033
202;241918
203;220000
204;86060
205;160755
206;269200
207;170500
208;122100
209;166500
210;3947778
211;150109
212;39816
213;13500
214;173254
215;195560
216;800000
217;326500
218;620000
219;600000
220;571797
221;40005
222;34862
223;20000
224;20000
225;17850
226;14000
227;115900
228;185600
229;9025
230;1564051
231;1377539
232;67300
233;10000
234;40000
235;39400
236;29812
237;1270754
238;600000
239;190680
240;366414
241;47076
242;30000
243;36584
244;3076503
245;2178000
246;211369
247;47280
248;10000
249;222848
250;210006
251;197000
252;1159167
253;400000
254;74355
255;183441
256;146488
257;86638
258;122577
259;40600
260;105068
261;1353919
262;673485
263;300000
264;94896
265;50108
266;35000
267;10000
268;26900
269;11000
270;17250
271;27000
272;13000
273;67280
274;20000
275;8000
276;1900375
277;68543
278;146488
279;86670
280;309500
281;32199
282;540000
283;494930
284;46089
285;10000
286;55000
287;16500
288;27390
289;20000
290;27260
291;19858
292;52
293;1134317
294;80100
295;700000
296;40266
297;10250
298;11500
299;33600
300;33480
301;181538
302;14152
303;29431
304;3484871
305;418035
306;350000
307;365774
308;14754
309;1542549
310;661631
311;13500
312;40001
313;43627
314;15000
315;20000
316;12205148
317;440020
318;14850
319;216800
320;240150
321;440000
322;1632000
323;5368000
324;40000
325;189516
326;393350
327;585800
328;307050
329;188193
330;34200
331;1348000
332;292289
333;30000
334;12000
335;11500
336;100000
337;142077
338;181950
339;2597
340;3282013
341;254200
342;306850
343;242000
344;494791
345;888073
346;220986
347;199500
348;199500
349;10000
350;15000
351;11500
352;49340
353;30000
354;14200
355;27000
356;22001
357;75000
358;70200
359;150000
360;1872
361;4679181
362;300000
363;303244
364;215849
365;115500
366;70000
367;801553
368;300000
369;1079090
370;155000
371;863070
372;37399
373;50010
374;51000
375;10000
376;78000
377;40000
378;166500
379;29046
380;13920
381;394638
382;37230
383;431868
384;394638
385;37230
386;431868
387;193980
388;18300
389;212280
390;748572
391;70620
392;819192
393;1951130
394;284945
395;152250
396;131250
397;38400
398;139300
399;223375
400;189166
401;215000
402;292650
403;45105
404;20000
405;50000
406;13000
407;21600
408;30240
409;45000
410;60000
411;389656
412;36760
413;426416
414;151
415;162481,04
416;15328,4
417;177809,44
418;1311218,54
419;123699,8
420;33196
421;11541
422;1390181,34
423;74772,4
424;7054
425;81826,4
426;1965361
427;17211
428;139350
429;52500
430;254500
431;518700
432;148800
433;50000
434;180000
435;340000
436;10000
437;11500
438;10000
439;10000
440;10000
441;27200
442;185600
443;148858
444;14043
445;162901
446;467500
447;10000
448;454700
449;22800
450;711850
451;56800
452;744750
453;3900
454;20000
455;74552
456;7033
457;81585
458;235501
459;22217
460;257718
461;165360
462;15600
463;180960
464;296800
465;28000
466;11200
467;313600
468;513800
469;10000
470;449350
471;6500
472;9050
473;6000
474;1400
475;23600
476;400
477;27500
478;53000
479;5000
480;58000
481;939250
482;20000
483;50000
484;804250
485;40000
486;32900
487;12100
488;20000
489;388093
490;36612
491;14645
492;410060
493;308725
494;246950
495;25000
496;36800
497;25
498;29680
499;2800
500;32480
501;71550
502;6750
503;78300
504;29680
505;2800
506;32480
507;183380
508;17300
509;200680
510;287001
511;236000
512;28800
513;20000
514;2200
515;65986
516;1854
517;64132
518;72700
519;2043
520;70657
521;72700
522;2043
523;70657
524;2859032
525;269720
526;107888
527;3020864
528;423500
529;423500
530;342400
531;20000
532;233250
533;4800
534;66800
535;10000
536;47550
537;221550
538;171550
539;10000
540;40000
541;555250
542;448750
543;76500
544;30000
545;631250
546;18000
547;583850
548;19400
549;16000
550;20000
551;10000
552;595850
553;572950
554;2900
555;20000
556;231250
557;213250
558;18000
559;410400
560;248550
561;13700
562;25000
563;123150
564;238700
565;209700
566;29000
567;283800
568;55000
569;328800
570;430950
571;20000
572;232650
573;157000
574;34000
575;27300
576;178816
577;19870
578;20864
579;7947
580;7451
581;204152
582;225400
583;22641
584;20864
585;9922
586;9302
587;249681
588;198936
589;74601
590;17762
591;88811
592;20864
593;15204
594;14254
595;371516
596;281589
597;105596
598;9428
599;20864
600;15864
601;14873
602;7168
603;379572
604;178816
605;33779
606;20864
607;8504
608;7972
609;4779
610;212204
611;239628
612;14977
613;29419
614;20864
615;11361
616;10651
617;282876
618;242917
619;64167
620;22917
621;16414
622;13200
623;12375
624;15531
625;305309
626;178816
627;17883
628;20864
629;7868
630;7376
631;202319
632;572201
633;22888
634;21458
635;527855
636;178816
637;19870
638;20864
639;7947
640;7451
641;204152
642;547950
643;125550
644;45350
645;15750
646;4300
647;5000
648;34500
649;2000
650;2300
651;27300
652;247123
653;289877
654;930700
655;116200
656;778000
657;35000
658;133623
659;11000
660;33306
661;55550
662;421
663;628950
664;70000
665;607750
666;34000
667;9150
668;8000
669;27300
670;2850
671;9900
672;1398950
673;60000
674;1192900
675;15750
676;18000
677;27300
678;25000
679;180000
680;843900
681;640400
682;30000
683;27300
684;146200
685;747700
686;60550
687;739400
688;30000
689;38850
690;487450
691;155800
692;38450
693;496000
694;36500
695;20000
696;25000
697;27300
698;395733
699;49467
700;57417
701;6183
702;20352
703;19080
704;469368
705;572201
706;22888
707;21458
708;527855
709;191701
710;20864
711;7668
712;7189
713;197708
714;694265
715;173566
716;34713
717;32544
718;5973
719;794601
720;191702
721;8558
722;20864
723;8010
724;7510
725;76982
726;128622
727;178816
728;11922
729;20864
730;7630
731;7153
732;196819
733;194602
734;48650
735;26063
736;20864
737;10773
738;10099
739;269307
740;213444
741;2406
742;19380
743;8634
744;8094
745;43140
746;175362
747;280000
748;35000
749;18750
750;20864
751;13350
752;12516
753;328748
754;272067
755;68017
756;42510
757;20864
758;15304
759;14347
760;20000
761;353807
762;178816
763;44508
764;19870
765;20864
766;9728
767;9120
768;245210
769;77000
770;7514
771;3080
772;2888
773;78546
774;575000
775;15000
776;417772
777;22000
778;39150
779;8400
780;17000
781;1350
782;4000
783;1500
784;79000
785;172
786;584300
787;40000
788;381150
789;27300
790;34000
791;18769
792;148100
793;15000
794;19
795;790100
796;356000
797;80400
798;911000
799;69000
800;36500
801;22000
802;27300
803;100
804;2530900
805;184250
806;300000
807;1907850
808;15750
809;1600
810;27300
811;25000
812;437650
813;1126450
814;750700
815;182000
816;68000
817;20900
818;25000
819;30000
820;3000
821;47700
822;850
823;498700
824;90550
825;320000
826;25000
827;38850
828;5300
829;1500
830;10000
831;7500
832;516250
833;49300
834;505250
835;10000
836;27300
837;13000
838;10000
839;479400
840;20000
841;327700
842;13500
843;40000
844;2000
845;25000
846;27300
847;13900
848;50000
849;731700
850;140000
851;532700
852;22050
853;179650
854;27300
855;20000
856;90000
857;1070800
858;341450
859;1028900
860;22000
861;27300
862;90000
863;19000
864;225050
865;1722150
866;17500
867;1248600
868;9150
869;17000
870;27300
871;437600
872;750100
873;5000
874;636100
875;16500
876;25000
877;2000
878;1000
879;55000
880;10000
881;9500
882;437550
883;298050
884;53200
885;17000
886;17000
887;27300
888;25000
889;435750
890;315250
891;16000
892;17000
893;13500
894;1700
895;27300
896;45000
897;396450
898;46800
899;378200
900;32750
901;27300
902;5000
903;312200
904;129000
905;380300
906;38850
907;22050
908;871050
909;150150
910;300000
911;381200
912;123850
913;56000
914;16000
915;27300
916;116850
917;177700
918;18500
919;180900
920;10500
921;4800
922;165145
923;162750
924;2400
925;5
926;169430
927;167830
928;1600
929;434230
930;418750
931;8480
932;7000
933;143400
934;65650
935;52750
936;25000
937;119600
938;119600
939;219130
940;219130
941;164550
942;164550
943;170200
944;170200
945;307760
946;307760
947;516350
948;114150
949;348250
950;7000
951;33600
952;4500
953;8850
954;105300
955;80300
956;25000
957;143450
958;143450
959;179250
960;177450
961;1800
962;73500
963;73500
964;108900
965;96900
966;12000
967;144000
968;144000
969;686824
970;29000
971;571000
972;36120
973;20000
974;25700
975;268520
976;241870
977;1650
978;25000
979;201750
980;176750
981;25000
982;208250
983;201250
984;7000
985;251450
986;251450
987;190900
988;186400
989;4500
990;145900
991;139900
992;6000
993;322725
994;297075
995;25650
996;335700
997;310700
998;25000
999;116450
1000;110100
1001;2800
1002;3550
1003;125150
1004;109700
1005;10000
1006;500
1007;600
1008;1450
1009;1000
1010;1900
1011;196330
1012;124930
1013;71400
1014;108000
1015;105900
1016;2100
1017;292620
1018;292620
1019;293550
1020;261500
1021;25650
1022;4750
1023;1650
1024;209400
1025;184400
1026;25000
1027;109700
1028;109700
1029;185700
1030;185700
1031;189300
1032;189300
1033;240950
1034;138286
1035;4500
1036;98164
1037;189400
1038;189400
1039;178816
1040;9935
1041;20864
1042;7550
1043;7078
1044;194987
1045;21947
1046;1580
1047;878
1048;823
1049;21826
1050;214438
1051;52852
1052;26605
1053;20864
1054;11756
1055;11021
1056;291982
1057;15287
1058;1580
1059;611
1060;573
1061;15683
1062;13500
1063;1580
1064;540
1065;506
1066;14034
1067;296800
1068;74200
1069;20864
1070;14840
1071;13913
1072;5973
1073;357138
1074;178816
1075;17883
1076;20864
1077;7868
1078;7376
1079;202319
1080;15317
1081;9573
1082;3351
1083;1580
1084;1130
1085;1059
1086;27632
1087;307253
1088;20864
1089;12290
1090;11522
1091;304305
1092;125300
1093;125300
1094;125300
1095;125300
1096;214438
1097;16753
1098;3351
1099;20864
1100;9382
1101;8795
1102;237229
1103;8811786
1104;360769
1105;550000
1106;183750
1107;141750
1108;172500
1109;147000
1110;6946875
1111;12000
1112;48028
1113;13000
1114;50000
1115;15000
1116;30000
1117;40614
1118;100200
1119;300
1120;178033
1121;23844
1122;20767
1123;8075
1124;7570
1125;206999
1126;225400
1127;35219
1128;20767
1129;10425
1130;9773
1131;261188
1132;198936
1133;88811
1134;20767
1135;11510
1136;10791
1137;286213
1138;281589
1139;3143
1140;20767
1141;11389
1142;10677
1143;7168
1144;276265
1145;178033
1146;15896
1147;8900
1148;7757
1149;7272
1150;4779
1151;183021
1152;239628
1153;64186
1154;20767
1155;12153
1156;11393
1157;301035
1158;256667
1159;64167
1160;8594
1161;20767
1162;13177
1163;12354
1164;15531
1165;309133
1166;178033
1167;19870
1168;20767
1169;7916
1170;7421
1171;203333
1172;1166667
1173;46667
1174;43750
1175;1076250
1176;178033
1177;13909
1178;20767
1179;7678
1180;7198
1181;197833
1182;395733
1183;8833
1184;16183
1185;15171
1186;373212
1187;1166667
1188;46667
1189;43750
1190;1076250
1191;191701
1192;20767
1193;7668
1194;7189
1195;197611
1196;694265
1197;27771
1198;26035
1199;5973
1200;634486
1201;191702
1202;6419
1203;20767
1204;7925
1205;7430
1206;203533
1207;178033
1208;5961
1209;20767
1210;7360
1211;6900
1212;190501
1213;194602
1214;17375
1215;20767
1216;8479
1217;7949
1218;216316
1219;76300
1220;11922
1221;8900
1222;3529
1223;3308
1224;90285
1225;280000
1226;35000
1227;21875
1228;20767
1229;13475
1230;12633
1231;331534
1232;272067
1233;34008
1234;15182
1235;20767
1236;12850
1237;12047
1238;317127
1239;178033
1240;23844
1241;20767
1242;8075
1243;7570
1244;206999
1245;139000
1246;4813
1247;14833
1248;5753
1249;5393
1250;147500
1251;215600
1252;28875
1253;20767
1254;9779
1255;9168
1256;246295
1257;178033
1258;11922
1259;20767
1260;7598
1261;7123
1262;196001
1263;214438
1264;3351
1265;69405
1266;23454
1267;20767
1268;12426
1269;11649
1270;307340
1271;296800
1272;20767
1273;11872
1274;11130
1275;5973
1276;100000
1277;188592
1278;178033
1279;7948
1280;20767
1281;7439
1282;6974
1283;192335
1284;307253
1285;76813
1286;20767
1287;15363
1288;14403
1289;375067
1290;142338
1291;142338
1292;142338
1293;142338
1294;214438
1295;11966
1296;3351
1297;20767
1298;9190
1299;8616
1300;232716
1301;786500
1302;27527
1303;758973
1304;58987
1305;58987
1306;960000
1307;33600
1308;72000
1309;72000
1310;926400
1311;833000
1312;83300
1313;29155
1314;887145
1315;2862000
1316;318000
1317;318000
1318;111300
1319;3386700
1320;120628
1321;11380
1322;132008
1323;87980
1324;8300
1325;96280
1326;312000
1327;312000
1328;345700
1329;228450
1330;117250
1331;971650
1332;70000
1333;875750
1334;2400
1335;52500
1336;91000
1337;20000
1338;1554536
1339;302636
1340;829700
1341;114000
1342;27300
1343;25000
1344;10000
1345;265900
1346;749800
1347;20000
1348;348100
1349;200000
1350;2800
1351;8050
1352;12000
1353;14700
1354;38850
1355;26500
1356;69000
1357;30000
1358;19800
1359;2220932
1360;32000
1361;210049
1362;700000
1363;156860
1364;202900
1365;93250
1366;260000
1367;291166
1368;43740
1369;19800
1370;17000
1371;194167
1372;473000
1373;115000
1374;551500
1375;9200
1376;27300
1377;410490
1378;394440
1379;9050
1380;7000
1381;114700
1382;89700
1383;25000
1384;538170
1385;182970
1386;39200
1387;2000
1388;2000
1389;312000
1390;258800
1391;233800
1392;25000
1393;1858473
1394;252000
1395;258750
1396;151301
1397;60999
1398;225305
1399;44719
1400;48149
1401;17250
1402;166500
1403;333500
1404;300000
1405;800000
1406;80000
1407;80000
1408;96000
1409;720000
1410;800000
1411;80000
1412;720000
1413;96000
1414;80000
1415;1200000
1416;48000
1417;1152000
1418;144000
1419;84000
1420;60000
1421;343550
1422;20000
1423;363550
1424;1333334
1425;133333
1426;1200000
1427;160000
1428;133333
1429;26666
1430;78788
1431;315150
1432;199423
1433;797694
1434;846780
1435;75387
1436;141356
1437;2454578
1438;57881
1439;57881
1440;219642
1441;219642
1442;196831
1443;196831
1444;20127
1445;667413
1446;67936
1447;112639
1448;868115
1449;118068
1450;23709
1451;141777
1452;65774
1453;65774
1454;19066
1455;237793
1456;25608
1457;282467
1458;327833
1459;30927
1460;358760
1461;186380
1462;17583
1463;203963
1464;1140000
1465;1140000
1466;63872
1467;57884
1468;63872
1469;63872
1470;57884
1471;63872
1472;63872
1473;63872
1474;57884
1475;47096
1476;603980
1477;1270625
1478;1270625
1479;348000
1480;348000
1481;227881
1482;106400
1483;334281
1484;85005
1485;85005
1486;308000
1487;277601
1488;104900
1489;117600
1490;31000
1491;839101
1492;1737000
1493;1737000
1494;321552
1495;29928
1496;351480
1497;117862
1498;117862
1499;161700
1500;125400
1501;287100
1502;112265
1503;112265
1504;610088
1505;610088
1506;10179116
1507;10179116
1508;9000000
1509;1179116
1510;10179116
1511;84480
1512;84480
1513;167033
1514;167033
1515;400000
1516;24000
1517;200000
1518;624000
1519;141355
1520;141355
1521;41070
1522;507
1523;18397
1524;59974
1525;325571
1526;29301
1527;147186
1528;502058
1529;133200
1530;166500
1531;299700
1532;3000
1533;15000
1534;40000
1535;1000
1536;1000
1537;8050
1538;1100
1539;1100
1540;600
1541;1000
1542;700
1543;700
1544;5700
1545;5700
1546;1000
1547;800
1548;2200
1549;4000
1550;1000
1551;4900
1552;4900
1553;4800
1554;5700
1555;5700
1556;5700
1557;4000
1558;1000
1559;3000
1560;500
1561;500
1562;750
1563;1300
1564;6500
1565;8000
1566;4000
1567;1000
1568;400
1569;1000
1570;1000
1571;4800
1572;5700
1573;4500
1574;4500
1575;4500
1576;4300
1577;4300
1578;4300
1579;4300
1580;4300
1581;6400
1582;1200
1583;7000
1584;1000
1585;1000
1586;1000
1587;1000
1588;5700
1589;4700
1590;600
1591;800
1592;800
1593;2000
1594;700
1595;3599
1596;4316
1597;1000
1598;1000
1599;1200
1600;5700
1601;4800
1602;4500
1603;4500
1604;4500
1605;4500
1606;6400
1607;4300
1608;4300
1609;4300
1610;4300
1611;4300
1612;1600
1613;1600
1614;800
1615;500
1616;1200
1617;4300
1618;4000
1619;6000
1620;6000
1621;2000
1622;7000
1623;2000
1624;1000
1625;5700
1626;4800
1627;6000
1628;6000
1629;800
1630;2500
1631;4000
1632;7500
1633;8000
1634;1300
1635;8800
1636;398615
1637;1737000
1638;1737000
1639;339648
1640;706050
1641;1045698
1642;392040
1643;392040
1644;271552
1645;271552
1646;261186
1647;179986
1648;441172
1649;375997
1650;109052
1651;485049
1652;186000
1653;96300
1654;282300
1655;64960
1656;16240
1657;193536
1658;274736
1659;343881
1660;20747
1661;161483
1662;487111
1663;39000
1664;550100
1665;550100
1666;383900
1667;383900
1668;245600
1669;245600
1670;0
1671;417400
1672;417400
1673;274100
1674;274100
1675;83600
1676;83600
1677;569300
1678;569300
1679;141700
1680;141700
1681;346400
1682;346400
1683;133500
1684;133500
1685;495000
1686;495000
1687;3386700
1688;3386700
1689;581200
1690;581200
1691;2083685
1692;2083685
1693;841500
1694;841500
1695;2960298
1696;2960298
1697;1792522
1698;1792522
1699;166500
1700;166500
1701;122100
1702;122100
1703;115900
1704;115900
1705;500000
1706;500000
1707;720000
1708;720000
1709;1061907
1710;1061907
1711;550000
1712;550000
1713;1685000
1714;113458
1715;1798458
1716;5518000
1717;34474
1718;5552474
1719;464000
1720;31243
1721;495243
1722;185600
1723;185600
1724;1200000
1725;1200000
1726;400000
1727;400000
1728;36584
1729;36584
1730;0
1731;93954
1732;1691
1733;43857
1734;139502
1735;400000
1736;400000
1737;136280
1738;3589
1739;63576
1740;203445
1741;142628
1742;3376
1743;67212
1744;213216
1745;53667
1746;53667
1747;107334
1748;0
1749;40600
1750;40600
1751;105068
1752;105068
1753;62118
1754;62118
1755;1009892
1756;1009892
1757;8580000
1758;425000
1759;8815000
1760;805000
1761;1318000
1762;66000
1763;356000
1764;2000
1765;2029000
1766;12000
1767;256000
1768;13000
1769;22677000
1770;505934
1771;437004
1772;173144
1773;228620
1774;1344702
1775;19858
1776;19858
1777;9900
1778;500
1779;6300
1780;1500
1781;3980
1782;1000
1783;1000
1784;1000
1785;1000
1786;1000
1787;5200
1788;5200
1789;6000
1790;6000
1791;6000
1792;5000
1793;1000
1794;800
1795;800
1796;3000
1797;4500
1798;3000
1799;5000
1800;1000
1801;1000
1802;500
1803;5000
1804;5000
1805;5000
1806;4450
1807;1000
1808;1000
1809;1000
1810;2949
1811;800
1812;700
1813;3000
1814;8000
1815;5400
1816;5400
1817;4300
1818;4300
1819;6000
1820;5000
1821;4300
1822;4500
1823;4300
1824;4500
1825;4300
1826;4300
1827;4500
1828;6400
1829;3000
1830;1500
1831;2000
1832;5000
1833;500
1834;1800
1835;1300
1836;9000
1837;7000
1838;8000
1839;1000
1840;1000
1841;800
1842;800
1843;1100
1844;5622
1845;5000
1846;5000
1847;5000
1848;5700
1849;5700
1850;500
1851;800
1852;1500
1853;700
1854;1000
1855;1000
1856;4900
1857;4900
1858;5700
1859;4800
1860;4000
1861;2500
1862;1000
1863;1000
1864;500
1865;700
1866;700
1867;7500
1868;3714
1869;5916
1870;4900
1871;4900
1872;1000
1873;5700
1874;5700
1875;1000
1876;700
1877;700
1878;8000
1879;3500
1880;3000
1881;1600
1882;7000
1883;2983
1884;366414
1885;361781
1886;299976
1887;276750
1888;290925
1889;1200000
1890;775000
1891;775000
1892;79510
1893;816000
1894;9630
1895;885880
1896;889600
1897;889600
1898;889600
1899;889600
1900;3558400
1901;1707756
1902;1707756
1903;150000
1904;150000
1905;60000
1906;60000
1907;1301086
1908;1301086
1909;216000
1910;216000
1911;0
1912;0
1913;436100
1914;436100
1915;706050
1916;706050
1917;13920
1918;13920
1919;97440
1920;136880
1921;225620
1922;459940
1923;565650
1924;553320
1925;1118970
1926;100000
1927;100000
1928;142077
1929;142077
1930;123900
1931;123900
1932;0
1933;706000
1934;706000
1935;2480000
1936;2480000
1937;0
1938;185600
1939;185600
1940;100200
1941;100200
1942;160000
1943;160000
1944;53667
1945;53667
1946;107334
1947;276631
1948;16598
1949;127190
1950;377279
1951;43140
1952;39666
1953;39666
1954;50000
1955;50000
1956;224802
1957;734714
1958;959516
1959;1151437
1960;1151437
1961;1737000
1962;1737000
1963;3474000
1964;24500
1965;24500
1966;24500
1967;24500
1968;35000
1969;24500
1970;24500
1971;36000
1972;21000
1973;24500
1974;35000
1975;35000
1976;333500
1977;750000
1978;750000
1979;166500
1980;166500
1981;300000
1982;300000
1983;800
1984;5000
1985;5000
1986;4300
1987;4300
1988;4300
1989;4300
1990;4300
1991;4500
1992;4500
1993;4500
1994;4500
1995;6400
1996;6400
1997;5000
1998;800
1999;700
2000;9000
2001;8000
2002;770
2003;2500
2004;5400
2005;5250
2006;1000
2007;1000
2008;1000
2009;5000
2010;6000
2011;800
2012;500
2013;1000
2014;1000
2015;1050
2016;3300
2017;1600
2018;7814
2019;7200
2020;5000
2021;3200
2022;1000
2023;1000
2024;5200
2025;5200
2026;6000
2027;6000
2028;1500
2029;4000
2030;7590
2031;1000
2032;1000
2033;500
2034;700
2035;6999
2036;2200
2037;10000
2038;200
2039;200
2040;51000
2041;5200
2042;5200
2043;600
2044;800
2045;6000
2046;5000
2047;4600
2048;1200
2049;5000
2050;6400
2051;6400
2052;4500
2053;4500
2054;4500
2055;4500
2056;4600
2057;4600
2058;4600
2059;4600
2060;500
2061;1200
2062;1000
2063;5600
2064;7100
2065;2500
2066;2200
2067;4400
2068;800
2069;800
2070;1000
2071;1000
2072;6000
2073;5000
2074;1000
2075;1600
2076;3200
2077;7200
2078;393173
2079;149700
2080;148700
2081;1000
2082;129426
2083;11929
2084;141355
2085;199600
2086;11500
2087;211100
2088;138078
2089;138078
2090;1609290
2091;1609290
2092;971250
2093;971250
2094;971250
2095;2913750
2096;1302750
2097;1302750
2098;971250
2099;971250
2100;1942500
2101;1609290
2102;2816257
2103;4425547
2104;2157600
2105;1078800
2106;3236400
2107;1645650
2108;1645650
2109;0
2110;60320
2111;1320000
2112;1380320
2113;1151437
2114;1151437
2115;299628
2116;348000
2117;32480
2118;680108
2119;547502
2120;547502
2121;526050
2122;526050
2123;470000
2124;470000
2125;407926
2126;407926
2127;23000000
2128;23000000
2129;1170000
2130;1170000
2131;567000
2132;567000
2133;1501160
2134;1501160
2135;38668
2136;38668
2137;53762
2138;53762
2139;1209
2140;1209
2141;5666
2142;5666
2143;29152
2144;29152
2145;46342
2146;46342
2147;4797
2148;4797
2149;26084
2150;26084
2151;104573
2152;104573
2153;6075
2154;6075
2155;111118
2156;111118
2157;20008
2158;20008
2159;5630
2160;5630
2161;39139
2162;39139
2163;16179
2164;16179
2165;26
2166;26
2167;37773
2168;37773
2169;5601
2170;5601
2171;15019
2172;15019
2173;357
2174;357
2175;24
2176;24
2177;3
2178;3
2179;46
2180;46
2181;443700
2182;443700
2183;324150
2184;220150
2185;20000
2186;154100
2187;152100
2188;2000
2189;112213
2190;10364
2191;122577
2192;7000000
2193;7000000
2194;273718
2195;273718
2196;348000
2197;348000
2198;696000
2199;205125
2200;205125
2201;410250
2202;706000
2203;706000
2204;5753600
2205;5753600
2206;43740
2207;43740
2208;15999
2209;15999
2210;1151796
2211;1222425
2212;38031
2213;108660
2214;413496
2215;413496
2216;188231
2217;188231
2218;1224
2219;1224
2220;3991
2221;3654
2222;96
2223;241
2224;1800
2225;1800
2226;153301
2227;59655
2228;2483
2229;1164
2230;1283
2231;13045
2232;130455
2233;501
2234;8017
2235;59655
2236;3647
2237;153800
2238;73005
2239;2400
2240;11823
2241;1242
2242;12800
2243;128000
2244;4140
2245;3996
2246;3622
2247;75405
2248;11823
2249;1050651
2250;840520
2251;16338
2252;21778
2253;1793
2254;86668
2255;43200
2256;866680
2257;6121
2258;41101
2259;5088
2260;840520
2261;38116
2262;26500
2263;4774
2264;4645
2265;2521
2266;1591
2267;15909
2268;9000
2269;4774
2270;7166
2271;5000
2272;5000
2273;17000
2274;17000
2275;985800
2276;1078800
2277;93000
2278;130542
2279;130542
2280;84045
2281;84045
2282;1037010
2283;1037010
2284;141729
2285;141729
2286;303135
2287;303135
2288;1095527
2289;1095527
2290;117033
2291;117033
2292;212870
2293;212870
2294;14441
2295;14441
2296;99688
2297;99688
2298;115848
2299;115848
2300;217311
2301;110442
2302;1242
2303;814
2304;19218
2305;192182
2306;5087
2307;110432
2308;1242
2309;182860
2310;115498
2311;9468
2312;2438
2313;607
2314;16045
2315;160451
2316;2328
2317;2003
2318;1465
2319;115537
2320;11906
2321;832750
2322;811662
2323;11874
2324;17245
2325;2772
2326;68459
2327;37600
2328;684590
2329;2241
2330;22002
2331;15086
2332;811662
2333;29119
2334;366902
2335;372226
2336;12424
2337;347
2338;2449
2339;31741
2340;317410
2341;11465
2342;3837
2343;372226
2344;12771
2345;16000
2346;16000
2347;162000
2348;162000
2349;22000
2350;22000
2351;27280
2352;27280
2353;1232250
2354;1348500
2355;116250
2356;274169
2357;300034
2358;25865
2359;298400
2360;298400
2361;126305
2362;126305
2363;28724
2364;28724
2365;232835
2366;232835
2367;186340
2368;186340
2369;302026
2370;302026
2371;5652449
2372;5652449
2373;1348805
2374;1348805
2375;89891
2376;89891
2377;88326
2378;88326
2379;29375
2380;29375
2381;4927
2382;4927
2383;1821798
2384;1821798
2385;135647
2386;135647
2387;89719
2388;89719
2389;206279
2390;206279
2391;358746
2392;358746
2393;7882
2394;7150
2395;732
2396;152199
2397;80699
2398;621
2399;6982
2400;236
2401;13410
2402;134091
2403;2984
2404;1478
2405;80699
2406;7603
2407;181550
2408;98095
2409;44649
2410;1400
2411;14309
2412;143091
2413;14000
2414;8750
2415;98095
2416;44649
2417;475499
2418;394809
2419;3166
2420;33442
2421;1000
2422;37241
2423;21118
2424;372408
2425;1121
2426;37481
2427;5130
2428;394809
2429;36608
2430;357848
2431;434477
2432;9008
2433;4427
2434;4278
2435;29491
2436;294905
2437;7799
2438;2432
2439;18943
2440;434477
2441;13435
2442;755179
2443;773238
2444;68653
2445;686526
2446;773238
2447;185163
2448;179500
2449;16833
2450;168330
2451;179500
2452;142927
2453;137314
2454;12993
2455;129934
2456;137314
2457;258194
2458;257942
2459;23472
2460;234722
2461;257942
2462;4650
2463;6164
2464;641
2465;4009
2466;6164
2467;248536
2468;242255
2469;22594
2470;225942
2471;242255
2472;8601
2473;11128
2474;1186
2475;7415
2476;11128
2477;15100
2478;15075
2479;1373
2480;13727
2481;15075
2482;15100
2483;15075
2484;1373
2485;13727
2486;15075
2487;342316
2488;348004
2489;31120
2490;311196
2491;348004
2492;63415
2493;75376
2494;5765
2495;57650
2496;75376
2497;185163
2498;185163
2499;15100
2500;15100
2501;30200
2502;268025
2503;34000
2504;371153
2505;673178
2506;399856
2507;50144
2508;450000
2509;60556
2510;70245
2511;9689
2512;156999
2513;156999
2514;34000
2515;34000
2516;27300
2517;27300
2518;255673
2519;280622
2520;24949
2521;166500
2522;166500
2523;45226
2524;45226
2525;183786
2526;183786
2527;155395
2528;155395
2529;3691515
2530;3691515
2531;183787
2532;183787
2533;1072478
2534;1072478
2535;30831
2536;30831
2537;85368
2538;85368
2539;19334
2540;19334
2541;16406
2542;16406
2543;7185
2544;7185
2545;6120
2546;6120
2547;1808013
2548;1808013
2549;107093
2550;107093
2551;31415
2552;31415
2553;238865
2554;238865
2555;353515
2556;353515
2557;45318
2558;45318
2559;9378
2560;9378
2561;55580
2562;55580
2563;183100
2564;124764
2565;1552
2566;5818
2567;586
2568;16032
2569;160318
2570;2500
2571;3664
2572;124764
2573;7370
2574;75501
2575;42552
2576;1106
2577;2438
2578;208
2579;6547
2580;65473
2581;1296
2582;1977
2583;42552
2584;3544
2585;430947
2586;330811
2587;3101
2588;31795
2589;813
2590;32541
2591;28200
2592;325408
2593;2156
2594;38898
2595;2931
2596;330811
2597;34896
2598;389852
2599;404078
2600;8866
2601;2080
2602;3862
2603;32896
2604;328957
2605;11206
2606;12931
2607;404078
2608;10946
2609;169838
2610;176296
2611;15440
2612;154398
2613;176296
2614;440814
2615;461781
2616;40074
2617;400740
2618;461781
2619;191417
2620;214235
2621;17401
2622;174016
2623;214235
2624;99276
2625;103036
2626;9025
2627;90251
2628;103036
2629;181344
2630;255233
2631;16486
2632;164858
2633;255233
2634;61426
2635;31883
2636;5585
2637;55841
2638;31883
2639;12350
2640;9201
2641;1123
2642;11227
2643;9201
2644;15150
2645;15109
2646;1377
2647;13773
2648;15109
2649;20300
2650;18127
2651;1845
2652;18455
2653;18127
2654;71387
2655;72780
2656;6490
2657;64897
2658;72780
2659;50628
2660;39925
2661;4602
2662;46026
2663;39925
2664;86735
2665;69595
2666;7885
2667;78850
2668;69595
2669;103356
2670;100804
2671;9396
2672;93960
2673;100804
2674;120043
2675;119087
2676;10913
2677;109130
2678;119087
2679;64917
2680;63853
2681;5902
2682;59015
2683;63853
2684;172092
2685;190014
2686;15644
2687;156448
2688;190014
2689;178842
2690;180012
2691;16258
2692;162584
2693;180012
2694;397922
2695;420871
2696;36174
2697;361748
2698;420871
2699;128069
2700;129430
2701;11643
2702;116426
2703;129430
2704;128181
2705;113591
2706;11653
2707;116528
2708;113591
2709;92744
2710;90567
2711;8431
2712;84313
2713;90567
2714;54388
2715;53532
2716;4944
2717;49444
2718;53532
2719;114561
2720;120059
2721;10414
2722;104147
2723;120059
2724;12350
2725;9201
2726;1123
2727;11227
2728;9201
2729;81642
2730;83547
2731;7422
2732;74220
2733;83547
2734;169939
2735;184691
2736;15449
2737;154490
2738;184691
2739;195561
2740;214972
2741;17779
2742;177782
2743;214972
2744;465500
2745;537768
2746;42318
2747;423182
2748;537768
2749;464092
2750;461756
2751;42190
2752;421902
2753;461756
2754;196238
2755;182811
2756;17840
2757;178398
2758;182811
2759;1748
2760;1350
2761;159
2762;1589
2763;1350
2764;33207
2765;23086
2766;3550
2767;4580
2768;2293
2769;26334
2770;3550
2771;23086
2772;181161
2773;162949
2774;16469
2775;164692
2776;162949
2777;60482
2778;22257
2779;8342
2780;52140
2781;22257
2782;24534
2783;27131
2784;3384
2785;21150
2786;27131
2787;197981
2788;306767
2789;17999
2790;179982
2791;306767
2792;146599
2793;148623
2794;13327
2795;133272
2796;148623
2797;10795
2798;3820
2799;981
2800;9814
2801;3820
2802;147971
2803;150208
2804;13452
2805;134519
2806;150208
2807;389203
2808;391034
2809;35382
2810;353821
2811;391034
2812;13166
2813;15109
2814;1197
2815;11969
2816;15109
2817;81510
2818;89993
2819;7410
2820;74100
2821;89993
2822;6890
2823;950
2824;5940
2825;5038
2826;5038
2827;33878
2828;141905
2829;3080
2830;30798
2831;141905
2832;96826
2833;85666
2834;8803
2835;88023
2836;85666
2837;61180
2838;228993
2839;112184
2840;129398
2841;531755
2842;314289
2843;314289
2844;65052
2845;65052
2846;130104
2847;229432
2848;229432
2849;160817
2850;160817
2851;157751
2852;157751
2853;171578
2854;279456
2855;451034
2856;12350
2857;15150
2858;20301
2859;12350
2860;1748
2861;61899
2862;99276
2863;191418
2864;290694
2865;181344
2866;61425
2867;242769
2868;71387
2869;71387
2870;172093
2871;172093
2872;178842
2873;178842
2874;397923
2875;397923
2876;92744
2877;92744
2878;54388
2879;54388
2880;114562
2881;114562
2882;10795
2883;10795
2884;114571
2885;114571
2886;45350
2887;45350
2888;15750
2889;15750
2890;34500
2891;34500
2892;27300
2893;27300
2894;24308
2895;5109
2896;33306
2897;3889
2898;385469
2899;421834
2900;36365
2901;6916
2902;6916
2903;119728
2904;119728
2905;114820
2906;114820
2907;184773
2908;184773
2909;192409
2910;192409
2911;313490
2912;313490
2913;744897
2914;744897
2915;80954
2916;80954
2917;198817
2918;198817
2919;4036
2920;4036
2921;1432166
2922;1432166
2923;130409
2924;130409
2925;82855
2926;82855
2927;108764
2928;108764
2929;151115
2930;151115
2931;113870
2932;104385
2933;9485
2934;257650
2935;165264
2936;931
2937;5818
2938;352
2939;22966
2940;229659
2941;2475
2942;2198
2943;165264
2944;6749
2945;184612
2946;135512
2947;3690
2948;600
2949;16693
2950;166935
2951;984
2952;139802
2953;547950
2954;440120
2955;2367
2956;30441
2957;993
2958;43459
2959;25701
2960;434589
2961;1121
2962;37000
2963;5087
2964;440120
2965;32808
2966;361051
2967;248230
2968;15764
2969;693
2970;3738
2971;30359
2972;303592
2973;14655
2974;8707
2975;248230
2976;16457
2977;16500
2978;27191
2979;1500
2980;15000
2981;27191
2982;35287
2983;72580
2984;3208
2985;32079
2986;72580
2987;148885
2988;192834
2989;13535
2990;135350
2991;192834
2992;10280
2993;18127
2994;934
2995;9346
2996;18127
2997;102813
2998;95452
2999;9347
3000;93466
3001;95452
3002;162692
3003;205472
3004;14790
3005;147902
3006;205472
3007;42381
3008;39939
3009;3853
3010;38528
3011;39939
3012;78417
3013;77210
3014;7129
3015;71288
3016;77210
3017;2800
3018;3550
3019;386
3020;2414
3021;3550
3022;25480
3023;21416
3024;2316
3025;23164
3026;21416
3027;61039
3028;55339
3029;5549
3030;55490
3031;55339
3032;70895
3033;64621
3034;6445
3035;64450
3036;64621
3037;48136
3038;43535
3039;4376
3040;43760
3041;43535
3042;9256
3043;9378
3044;841
3045;8415
3046;9378
3047;17675
3048;18401
3049;1607
3050;16068
3051;18401
3052;301320
3053;298309
3054;27393
3055;273927
3056;298309
3057;128069
3058;129430
3059;11643
3060;116426
3061;129430
3062;33266
3063;3024
3064;30242
3065;32359
3066;32359
3067;51191
3068;4654
3069;46537
3070;51191
3071;51191
3072;13152
3073;159004
3074;124872
3075;1850
3076;109250
3077;161004
3078;161737
3079;79180
3080;100375
3081;9630
3082;9630
3083;6891
3084;120043
3085;50629
3086;40266
3087;181954
3088;1329467
3089;5287
3090;5287
3091;146599
3092;146599
3093;81642
3094;81642
3095;148884
3096;10281
3097;159165
3098;102813
3099;102813
3100;32751
3101;32751
3102;78417
3103;2800
3104;81217
3105;61039
3106;70895
3107;48136
3108;180070
3109;16500
3110;16500
3111;24824
3112;51502
3113;76326
3114;11000
3115;11000
3116;34000
3117;34000
3118;159000
3119;174000
3120;15000
3121;133200
3122;133200
3123;727117
3124;727117
3125;35848
3126;35848
3127;91126
3128;91126
3129;844181
3130;844181
3131;143886
3132;143886
3133;344137
3134;344137
3135;3094255
3136;3094255
3137;340103
3138;340103
3139;65075
3140;65075
3141;17025
3142;17025
3143;11185
3144;11185
3145;106759
3146;106759
3147;81785
3148;81785
3149;262884
3150;262884
3151;117845
3152;117845
3153;21308
3154;19669
3155;1640
3156;214101
3157;123647
3158;931
3159;10473
3160;697
3161;18595
3162;185955
3163;4501
3164;4353
3165;123647
3166;11404
3167;128000
3168;81903
3169;23228
3170;2773
3171;9809
3172;98091
3173;603
3174;16724
3175;81903
3176;23228
3177;930697
3178;732642
3179;2104
3180;34904
3181;511
3182;76148
3183;46003
3184;761476
3185;1725
3186;43369
3187;1465
3188;732642
3189;37008
3190;631290
3191;453330
3192;12967
3193;1784
3194;2007
3195;55794
3196;557945
3197;7587
3198;3000
3199;4957
3200;453330
3201;14751
3202;286338
3203;284293
3204;26031
3205;260307
3206;284293
3207;95697
3208;112553
3209;8699
3210;86998
3211;112553
3212;55220
3213;54022
3214;5020
3215;50200
3216;54022
3217;54487
3218;37356
3219;4953
3220;49534
3221;37356
3222;232835
3223;228482
3224;21167
3225;211668
3226;228482
3227;19993
3228;27460
3229;1817
3230;18176
3231;27460
3232;96976
3233;92531
3234;8816
3235;88160
3236;92531
3237;41395
3238;18719
3239;3763
3240;37632
3241;18719
3242;186264
3243;198198
3244;16933
3245;169331
3246;198198
3247;29299
3248;21416
3249;2663
3250;26636
3251;21416
3252;35800
3253;40138
3254;3254
3255;32546
3256;40138
3257;79750
3258;30853
3259;7250
3260;72500
3261;30853
3262;20252
3263;18130
3264;1841
3265;18411
3266;18130
3267;56748
3268;47196
3269;5159
3270;51589
3271;47196
3272;82129
3273;93218
3274;7466
3275;74663
3276;93218
3277;3330
3278;5228
3279;459
3280;2871
3281;5228
3282;4800
3283;3628
3284;662
3285;4138
3286;3628
3287;276802
3288;40393
3289;25164
3290;251638
3291;40393
3292;70356
3293;59142
3294;6396
3295;63960
3296;59142
3297;12350
3298;10671
3299;1123
3300;11227
3301;10671
3302;215349
3303;144505
3304;19577
3305;195772
3306;144505
3307;6380
3308;580
3309;5800
3310;10966
3311;10966
3312;15421
3313;1402
3314;14019
3315;13807
3316;13807
3317;29300
3318;20252
3319;56748
3320;12350
3321;118650
3322;55220
3323;55220
3324;229732
3325;229732
3326;19994
3327;79750
3328;99744
3329;35801
3330;35801
3331;82129
3332;4800
3333;276803
3334;363732
3335;70356
3336;70356
3337;591303
3338;231524
3339;59282
3340;133242
3341;612010
3342;55620
3343;458709
3344;146216
3345;119745
3346;803007
3347;869191
3348;26516
3349;32850
3350;223080
3351;754557
3352;95384
3353;351881
3354;336855
3355;15007
3356;46035
3357;182629
3358;1252056
3359;1129678
3360;89425
3361;185891
3362;72818
3363;650966
3364;1452889
3365;364422
3366;546642
3367;10067302
3368;513300
3369;375260
3370;34962
3371;52442
3372;801156
3373;351843
3374;98518
3375;222914
3376;148430
3377;613308
3378;95627
3379;138887
3380;1200499
3381;139575
3382;86404
3383;225979
3384;15183
3385;213878
3386;229061
3387;45650
3388;71782
3389;117432
3390;27300
3391;27300
3392;330635
3393;361827
3394;31192
3395;282527
3396;282527
3397;582198
3398;582198
3399;31284
3400;31284
3401;403242
3402;403242
3403;1262644
3404;1262644
3405;130216
3406;130216
3407;330308
3408;330308
3409;257115
3410;257115
3411;137107
3412;137107
3413;7654125
3414;7654125
3415;137107
3416;137107
3417;366847
3418;366847
3419;131719
3420;131719
3421;2647261
3422;2647261
3423;300646
3424;300646
3425;76651
3426;76651
3427;2654
3428;2654
3429;158018
3430;158018
3431;223084
3432;223084
3433;28201
3434;28201
3435;180707
3436;167313
3437;13394
3438;316314
3439;189313
3440;5818
3441;1103
3442;27802
3443;278015
3444;2497
3445;6897
3446;189313
3447;5818
3448;370372
3449;220168
3450;4875
3451;956
3452;179
3453;33189
3454;331886
3455;1120
3456;3998
3457;220168
3458;5831
3459;628951
3460;499799
3461;5753
3462;20636
3463;1483
3464;50327
3465;37800
3466;503272
3467;4138
3468;26801
3469;5130
3470;499799
3471;26389
3472;269751
3473;163774
3474;20540
3475;347
3476;4580
3477;21504
3478;215045
3479;26467
3480;2155
3481;163774
3482;20887
3483;329463
3484;352619
3485;29951
3486;299512
3487;352619
3488;587689
3489;682059
3490;53426
3491;534263
3492;682059
3493;65152
3494;65034
3495;5923
3496;59229
3497;65034
3498;63800
3499;54910
3500;5800
3501;58000
3502;54910
3503;142038
3504;158396
3505;12912
3506;129126
3507;158396
3508;162689
3509;93308
3510;14790
3511;147899
3512;93308
3513;61738
3514;59200
3515;5612
3516;56126
3517;59200
3518;41301
3519;44941
3520;3755
3521;37546
3522;44941
3523;114522
3524;48850
3525;10411
3526;104111
3527;48850
3528;72058
3529;78210
3530;6551
3531;65507
3532;78210
3533;90970
3534;91422
3535;8270
3536;82700
3537;91422
3538;102312
3539;114940
3540;9301
3541;93011
3542;114940
3543;15150
3544;15180
3545;1377
3546;13773
3547;15180
3548;13166
3549;15180
3550;1197
3551;11969
3552;15180
3553;4112
3554;3726
3555;374
3556;3738
3557;3726
3558;30318
3559;21762
3560;4182
3561;26136
3562;21762
3563;84818
3564;89192
3565;7711
3566;77107
3567;89192
3568;130214
3569;136949
3570;118376
3571;136949
3572;112700
3573;59570
3574;10245
3575;102455
3576;59570
3577;237277
3578;119603
3579;21570
3580;215707
3581;119603
3582;304887
3583;320412
3584;27717
3585;277170
3586;320412
3587;180780
3588;185707
3589;16435
3590;164345
3591;185707
3592;43601
3593;66753
3594;3964
3595;39637
3596;66753
3597;225482
3598;241798
3599;20498
3600;204984
3601;241798
3602;25701
3603;46476
3604;2337
3605;23364
3606;46476
3607;6888
3608;10645
3609;626
3610;6262
3611;10645
3612;67735
3613;79779
3614;6157
3615;61578
3616;79779
3617;1526094
3618;1711750
3619;138736
3620;1387358
3621;1711750
3622;119832
3623;129146
3624;10894
3625;108938
3626;129146
3627;12850
3628;15642
3629;1168
3630;11682
3631;15642
3632;10939
3633;10939
3634;233750
3635;233750
3636;300000
3637;300000
3638;126121
3639;126121
3640;124323
3641;124323
3642;15150
3643;6888
3644;13166
3645;4112
3646;39316
3647;329463
3648;162689
3649;492152
3650;142039
3651;41301
3652;183340
3653;72058
3654;72058
3655;90970
3656;30318
3657;121288
3658;102311
3659;102311
3660;84818
3661;84818
3662;130214
3663;130214
3664;7220
3665;8269
3666;873
3667;176
3668;25700
3669;25700
3670;17250
3671;17250
3672;15000
3673;15000
3674;189000
3675;189000
3676;12100
3677;12100
3678;15750
3679;15750
3680;18000
3681;18000
3682;7220
3683;8375
3684;1155
3685;108960
3686;119240
3687;10280
3688;526050
3689;526050
3690;219335
3691;240027
3692;20692
3693;1516309
3694;1609290
3695;50067
3696;143048
3697;110168
3698;110168
3699;59833
3700;59833
3701;89385
3702;89385
3703;41201
3704;41201
3705;32486
3706;32486
3707;98763
3708;98763
3709;1290165
3710;1290165
3711;435717
3712;435717
3713;717683
3714;717683
3715;75895
3716;75895
3717;151284
3718;151284
3719;332066
3720;332066
3721;299269
3722;299269
3723;59972
3724;59972
3725;4896
3726;4896
3727;11009
3728;11009
3729;73858
3730;73858
3731;111542
3732;111542
3733;55771
3734;55771
3735;28201
3736;28201
3737;686823
3738;528325
3739;22339
3740;10363
3741;4801
3742;58688
3743;586883
3744;6446
3745;30005
3746;528325
3747;32702
3748;352294
3749;237408
3750;18836
3751;7313
3752;1297
3753;30538
3754;305379
3755;6976
3756;8104
3757;237408
3758;26149
3759;1398947
3760;1104608
3761;15367
3762;30537
3763;5172
3764;118042
3765;22700
3766;1180421
3767;603
3768;40285
3769;31724
3770;1104608
3771;45904
3772;580891
3773;711868
3774;12752
3775;1387
3776;3538
3777;50477
3778;504763
3779;8535
3780;13578
3781;711868
3782;14139
3783;29299
3784;28201
3785;2663
3786;26636
3787;28201
3788;38940
3789;39157
3790;3540
3791;35400
3792;39157
3793;205567
3794;234770
3795;18688
3796;186879
3797;234770
3798;15150
3799;15180
3800;1377
3801;13773
3802;15180
3803;84260
3804;81776
3805;7660
3806;76600
3807;81776
3808;94718
3809;100014
3810;8611
3811;86107
3812;100014
3813;167696
3814;227112
3815;15245
3816;152451
3817;227112
3818;54659
3819;48711
3820;4969
3821;49690
3822;48711
3823;57849
3824;51960
3825;5259
3826;52590
3827;51960
3828;44946
3829;39114
3830;4086
3831;40860
3832;39114
3833;234936
3834;248180
3835;21358
3836;213578
3837;248180
3838;4650
3839;6164
3840;641
3841;4009
3842;6164
3843;32966
3844;36869
3845;2997
3846;29969
3847;36869
3848;45320
3849;43631
3850;4120
3851;41200
3852;43631
3853;169396
3854;175399
3855;15400
3856;153996
3857;175399
3858;47548
3859;1300
3860;4323
3861;43225
3862;1300
3863;21028
3864;60816
3865;1912
3866;19116
3867;60816
3868;9647
3869;6925
3870;1331
3871;8316
3872;6925
3873;77702
3874;77365
3875;7064
3876;70638
3877;77365
3878;2297
3879;1650
3880;317
3881;1980
3882;1650
3883;68836
3884;76648
3885;6258
3886;62578
3887;76648
3888;211940
3889;387827
3890;19267
3891;192673
3892;387827
3893;50934
3894;36871
3895;4630
3896;46304
3897;36871
3898;249923
3899;498182
3900;22721
3901;227202
3902;498182
3903;39615
3904;140519
3905;3601
3906;36014
3907;140519
3908;8810
3909;2614
3910;1215
3911;7595
3912;2614
3913;373070
3914;440463
3915;33916
3916;339154
3917;440463
3918;28800
3919;47689
3920;2618
3921;26182
3922;47689
3923;6380
3924;5486
3925;580
3926;5800
3927;5486
3928;11850
3929;8919
3930;1077
3931;10773
3932;8919
3933;140750
3934;89761
3935;12796
3936;127954
3937;89761
3938;27600
3939;89488
3940;2509
3941;25091
3942;89488
3943;320995
3944;371542
3945;29181
3946;291814
3947;371542
3948;91132
3949;40000
3950;8285
3951;82847
3952;40000
3953;65152
3954;65152
3955;304887
3956;304887
3957;167850
3958;167850
3959;43601
3960;43601
3961;225482
3962;225482
3963;25700
3964;67736
3965;93436
3966;12850
3967;12850
3968;126895
3969;126895
3970;29300
3971;15150
3972;6380
3973;11850
3974;62680
3975;38940
3976;38940
3977;205567
3978;205567
3979;84260
3980;84260
3981;167696
3982;39615
3983;207311
3984;54659
3985;57849
3986;44946
3987;157454
3988;32966
3989;32966
3990;45320
3991;45320
3992;68836
3993;211940
3994;8810
3995;289586
3996;50934
3997;50934
3998;249923
3999;249923
4000;47548
4001;47548
4002;27300
4003;27300
4004;311231
4005;311231
4006;285000
4007;285000
4008;196144
4009;196144
4010;191611
4011;191611
4012;278345
4013;278345
4014;90257
4015;90257
4016;6303
4017;6303
4018;268518
4019;206552
4020;621
4021;235
4022;24256
4023;242562
4024;1465
4025;206552
4026;621
4027;182353
4028;111198
4029;8443
4030;117
4031;15867
4032;158667
4033;6970
4034;732
4035;111198
4036;8443
4037;843898
4038;725395
4039;6955
4040;19115
4041;3075
4042;70307
4043;24700
4044;703067
4045;23525
4046;19224
4047;725395
4048;26070
4049;438019
4050;441330
4051;2452
4052;693
4053;1014
4054;39152
4055;391517
4056;1465
4057;4871
4058;441330
4059;3145
4060;38850
4061;38850
4062;24500
4063;24500
4064;205965
4065;205965
4066;3347629
4067;3347629
4068;205966
4069;205966
4070;289497
4071;289497
4072;880883
4073;880883
4074;140540
4075;140540
4076;1256864
4077;1256864
4078;192190
4079;192190
4080;24399
4081;24399
4082;22242
4083;22242
4084;201751
4085;146332
4086;1242
4087;814
4088;17805
4089;178046
4090;5086
4091;146332
4092;1242
4093;126604
4094;96213
4095;18700
4096;586
4097;11124
4098;111232
4099;3662
4100;96213
4101;18700
4102;747699
4103;580305
4104;13460
4105;22580
4106;2020
4107;60395
4108;34600
4109;603943
4110;7500
4111;34112
4112;5129
4113;580305
4114;36040
4115;285700
4116;172518
4117;9947
4118;941
4119;2083
4120;24373
4121;243727
4122;9742
4123;2499
4124;3276
4125;172518
4126;10888
4127;112576
4128;130588
4129;18012
4130;36500
4131;36500
4132;20000
4133;20000
4134;27300
4135;27300
4136;758154
4137;804645
4138;25033
4139;71524
4140;1924000
4141;2064000
4142;140000
4143;940000
4144;1034000
4145;94000
4146;166500
4147;166500
4148;1086048
4149;1086048
4150;177504
4151;177504
4152;15502
4153;15502
4154;35848
4155;35848
4156;143267
4157;143267
4158;86353
4159;86353
4160;58307
4161;58307
4162;137241
4163;137241
4164;221205
4165;221205
4166;3068550
4167;3068550
4168;30032
4169;30032
4170;1255173
4171;1255173
4172;84448
4173;84448
4174;2579
4175;2579
4176;355542
4177;355542
4178;325067
4179;325067
4180;50792
4181;50792
4182;30228
4183;30228
4184;65415
4185;60950
4186;4465
4187;208251
4188;110163
4189;6621
4190;27397
4191;925
4192;16686
4193;166864
4194;18001
4195;5775
4196;110163
4197;34018
4198;127603
4199;98156
4200;9992
4201;2438
4202;703
4203;10955
4204;109548
4205;2931
4206;2000
4207;1466
4208;98156
4209;12430
4210;487449
4211;383115
4212;5126
4213;21757
4214;903
4215;37536
4216;45000
4217;375356
4218;604
4219;23007
4220;5043
4221;383115
4222;26883
4223;384851
4224;263401
4225;27682
4226;4779
4227;31837
4228;318364
4229;27069
4230;2802
4231;263401
4232;27682
4233;516171
4234;569136
4235;46925
4236;469246
4237;569136
4238;101509
4239;121726
4240;9228
4241;92281
4242;121726
4243;20300
4244;20317
4245;1845
4246;18455
4247;20317
4248;291448
4249;302992
4250;26495
4251;264953
4252;302992
4253;128069
4254;137242
4255;11643
4256;116426
4257;137242
4258;166839
4259;178676
4260;15167
4261;151672
4262;178676
4263;126618
4264;131600
4265;11511
4266;115107
4267;131600
4268;72697
4269;79161
4270;6609
4271;66088
4272;79161
4273;51272
4274;62802
4275;4661
4276;46611
4277;62802
4278;15150
4279;15307
4280;1377
4281;13773
4282;15307
4283;367820
4284;443483
4285;33438
4286;334382
4287;443483
4288;163978
4289;172158
4290;14907
4291;149071
4292;172158
4293;78435
4294;87741
4295;7130
4296;71305
4297;87741
4298;223375
4299;237990
4300;20307
4301;203068
4302;237990
4303;15150
4304;15307
4305;1377
4306;13773
4307;15307
4308;29299
4309;26965
4310;2663
4311;26636
4312;26965
4313;136653
4314;98403
4315;12423
4316;124230
4317;98403
4318;316739
4319;353374
4320;28795
4321;287944
4322;353374
4323;158081
4324;210740
4325;14371
4326;143710
4327;210740
4328;15150
4329;15307
4330;1377
4331;13773
4332;15307
4333;140169
4334;144817
4335;12743
4336;127426
4337;144817
4338;149202
4339;165301
4340;13564
4341;135638
4342;165301
4343;139266
4344;137782
4345;12661
4346;126605
4347;137782
4348;388655
4349;479219
4350;35332
4351;353323
4352;479219
4353;3754
4354;4964
4355;518
4356;3236
4357;4964
4358;48019
4359;52727
4360;4365
4361;43654
4362;52727
4363;56510
4364;59316
4365;5137
4366;51373
4367;59316
4368;3190
4369;290
4370;2900
4371;6588
4372;6588
4373;85971
4374;85971
4375;163217
4376;94562
4377;257779
4378;128181
4379;128181
4380;260536
4381;8601
4382;269137
4383;18260
4384;15150
4385;15150
4386;29300
4387;15150
4388;93010
4389;166839
4390;166839
4391;72697
4392;72697
4393;51272
4394;51272
4395;171978
4396;171978
4397;140169
4398;140169
4399;17000
4400;17000
4401;10500
4402;10500
4403;385529
4404;421894
4405;36365
4406;640324
4407;701335
4408;61011
4409;136740
4410;149640
4411;12900
4412;103300
4413;103300
4414;136764
4415;136764
4416;799778
4417;799778
4418;451754
4419;451754
4420;190709
4421;190709
4422;412551
4423;412551
4424;4981567
4425;4981567
4426;1574231
4427;1574231
4428;327670
4429;327670
4430;81341
4431;81341
4432;320
4433;320
4434;27472
4435;27472
4436;26266
4437;26266
4438;383022
4439;383022
4440;114576
4441;114576
4442;6064
4443;5484
4444;580
4445;251449
4446;414421
4447;1242
4448;27441
4449;469
4450;21959
4451;219591
4452;6499
4453;2931
4454;414421
4455;28683
4456;177702
4457;136693
4458;8362
4459;2438
4460;400
4461;15709
4462;157093
4463;1035
4464;1999
4465;1466
4466;136693
4467;10800
4468;575001
4469;426348
4470;632
4471;23996
4472;787
4473;46818
4474;23700
4475;468181
4476;30602
4477;4913
4478;426348
4479;24628
4480;467500
4481;374000
4482;9433
4483;1544
4484;2931
4485;40526
4486;405252
4487;8017
4488;472
4489;10302
4490;374000
4491;10977
4492;17903
4493;17614
4494;1628
4495;16275
4496;17614
4497;38280
4498;35089
4499;3480
4500;34800
4501;35089
4502;14570
4503;14514
4504;1325
4505;13245
4506;14514
4507;115509
4508;125073
4509;10501
4510;105008
4511;125073
4512;43246
4513;54147
4514;3931
4515;39315
4516;54147
4517;13166
4518;15307
4519;1197
4520;11969
4521;15307
4522;11025
4523;7918
4524;1521
4525;9504
4526;7918
4527;47850
4528;43861
4529;4350
4530;43500
4531;43861
4532;32592
4533;32477
4534;2963
4535;29629
4536;32477
4537;50400
4538;41481
4539;4582
4540;45818
4541;41481
4542;203104
4543;222700
4544;18464
4545;184640
4546;222700
4547;334737
4548;370090
4549;30431
4550;304306
4551;370090
4552;17903
4553;38280
4554;14570
4555;70753
4556;47850
4557;47850
4558;32592
4559;32592
4560;50400
4561;50400
4562;311591
4563;118806
4564;430397
4565;173254
4566;173254
4567;195560
4568;195560
4569;21028
4570;9647
4571;30675
4572;593586
4573;620000
4574;6414
4575;800000
4576;326500
4577;2346500
4578;96976
4579;316740
4580;413716
4581;158081
4582;158081
4583;27300
4584;27300
4585;34000
4586;34000
4587;11776
4588;5109
4589;18769
4590;1884
4591;148101
4592;148101
4593;1800000
4594;1737000
4595;63000
4596;0
4597;0
4598;985800
4599;1078800
4600;93000
4601;165949
4602;181782
4603;15833
4604;211788
4605;231768
4606;19980
4607;169600
4608;185600
4609;16000
4610;57578
4611;57578
4612;140209
4613;140209
4614;199354
4615;199354
4616;208071
4617;208071
4618;221943
4619;221943
4620;82962
4621;82962
4622;97804
4623;97804
4624;195855
4625;195855
4626;3043107
4627;3043107
4628;42538
4629;42538
4630;1253533
4631;1253533
4632;115974
4633;115974
4634;226626
4635;226626
4636;5179
4637;5179
4638;332324
4639;332324
4640;212246
4641;212246
4642;43944
4643;43944
4644;6063
4645;5483
4646;580
4647;190901
4648;146846
4649;931
4650;20548
4651;352
4652;16850
4653;168500
4654;3001
4655;2198
4656;146846
4657;21479
4658;165145
4659;127034
4660;1106
4661;2438
4662;207
4663;14695
4664;146950
4665;1293
4666;2000
4667;127034
4668;3544
4669;584299
4670;445658
4671;6484
4672;25488
4673;1820
4674;46886
4675;23900
4676;468855
4677;31459
4678;11379
4679;445658
4680;31972
4681;711850
4682;569480
4683;21823
4684;594
4685;3582
4686;62128
4687;621275
4688;19583
4689;2477
4690;2805
4691;569480
4692;22417
4693;80465
4694;70329
4695;7315
4696;73150
4697;70329
4698;235145
4699;251133
4700;21377
4701;213768
4702;251133
4703;27084
4704;3808393
4705;2462
4706;24622
4707;3808393
4708;114582
4709;122227
4710;10416
4711;104166
4712;122227
4713;191414
4714;12714786
4715;17401
4716;174013
4717;12714786
4718;49398
4719;57176
4720;4491
4721;44907
4722;57176
4723;72217
4724;24546
4725;6565
4726;65652
4727;24546
4728;61325
4729;54974
4730;5575
4731;55750
4732;54974
4733;10119
4734;5940
4735;2614
4736;1396
4737;1595
4738;7128
4739;2614
4740;5940
4741;75943
4742;27286
4743;6904
4744;69039
4745;27286
4746;348982
4747;360711
4748;31726
4749;317256
4750;360711
4751;267971
4752;282008
4753;24361
4754;243610
4755;282008
4756;80465
4757;75793
4758;7315
4759;73150
4760;75793
4761;2000
4762;1550
4763;182
4764;1818
4765;1550
4766;247773
4767;126893
4768;22525
4769;225248
4770;126893
4771;1747
4772;1350
4773;159
4774;1588
4775;1350
4776;40608
4777;56927
4778;3692
4779;36916
4780;56927
4781;29300
4782;26965
4783;2664
4784;26636
4785;26965
4786;2000
4787;1550
4788;182
4789;1818
4790;1550
4791;88781
4792;92664
4793;8071
4794;80710
4795;92664
4796;14520
4797;5918
4798;1320
4799;13200
4800;5918
4801;4290
4802;1895873
4803;390
4804;3900
4805;1895873
4806;4290
4807;1895873
4808;390
4809;3900
4810;1895873
4811;71485
4812;6499
4813;64986
4814;28500
4815;28500
4816;12657
4817;1150
4818;11507
4819;12658
4820;12658
4821;14520
4822;1320
4823;13200
4824;5036
4825;5036
4826;114583
4827;176894
4828;291477
4829;49398
4830;49398
4831;59559
4832;59559
4833;61325
4834;9660
4835;70985
4836;80465
4837;80465
4838;2000
4839;1747
4840;40608
4841;29300
4842;2000
4843;75655
4844;14520
4845;14520
4846;4290
4847;4290
4848;8580
4849;40266
4850;2800
4851;24785
4852;67851
4853;190501
4854;63800
4855;114522
4856;98454
4857;467277
4858;115509
4859;11025
4860;126534
4861;43247
4862;13166
4863;56413
4864;4650
4865;4650
4866;190687
4867;190687
4868;69000
4869;69000
4870;36500
4871;36500
4872;22000
4873;22000
4874;27300
4875;27300
4876;166500
4877;166500
4878;450000
4879;450000
4880;113608
4881;124326
4882;10718
4883;985800
4884;1078800
4885;93000
4886;558800
4887;593066
4888;18451
4889;52717
4890;329003
4891;360041
4892;31038
4893;165850
4894;165850
4895;614654
4896;614654
4897;35848
4898;35848
4899;60816
4900;60816
4901;101778
4902;101778
4903;1227728
4904;1227728
4905;97505
4906;97505
4907;251667
4908;251667
4909;439840
4910;439840
4911;606290
4912;606290
4913;8030904
4914;8030904
4915;251668
4916;251668
4917;2788038
4918;2788038
4919;21593
4920;21593
4921;56261
4922;56261
4923;144555
4924;144555
4925;390820
4926;390820
4927;117095
4928;117095
4929;7768
4930;7768
4931;15635
4932;15635
4933;141694
4934;131276
4935;10417
4936;145900
4937;112230
4938;8212
4939;13699
4940;1421
4941;12145
4942;121454
4943;2000
4944;8880
4945;112230
4946;21911
4947;169430
4948;63183
4949;9177
4950;2438
4951;552
4952;14766
4953;147664
4954;1982
4955;3000
4956;1466
4957;63183
4958;11615
4959;790101
4960;630448
4961;10117
4962;18742
4963;1903
4964;65261
4965;34800
4966;652609
4967;2586
4968;23632
4969;9310
4970;630448
4971;28859
4972;513799
4973;411039
4974;4700
4975;347
4976;910
4977;46109
4978;461089
4979;2414
4980;3277
4981;411039
4982;5047
4983;29300
4984;24888
4985;2664
4986;26636
4987;24888
4988;24555
4989;28131
4990;2232
4991;22323
4992;28131
4993;166458
4994;176041
4995;15132
4996;151326
4997;176041
4998;84698
4999;87254
5000;7700
5001;76998
5002;87254
5003;97677
5004;99574
5005;8880
5006;88797
5007;99574
5008;103546
5009;94609
5010;9413
5011;94133
5012;94609
5013;122760
5014;115156
5015;11160
5016;111600
5017;115156
5018;144370
5019;158947
5020;13125
5021;131245
5022;158947
5023;14906
5024;18296
5025;1355
5026;13551
5027;18296
5028;26399
5029;29365
5030;2400
5031;23999
5032;29365
5033;9750
5034;7042
5035;886
5036;8864
5037;7042
5038;45472
5039;47524
5040;4134
5041;41338
5042;47524
5043;212871
5044;243495
5045;19352
5046;193519
5047;243495
5048;21450
5049;22366
5050;1950
5051;19500
5052;22366
5053;15150
5054;14982
5055;1377
5056;13773
5057;14982
5058;12350
5059;11265
5060;1123
5061;11227
5062;11265
5063;115381
5064;118663
5065;10489
5066;104892
5067;118663
5068;205568
5069;190705
5070;18688
5071;186880
5072;190705
5073;5801
5074;7578
5075;800
5076;5001
5077;7578
5078;85357
5079;106395
5080;7760
5081;77597
5082;106395
5083;108572
5084;123795
5085;9870
5086;98702
5087;123795
5088;45063
5089;35951
5090;6216
5091;38847
5092;35951
5093;18924
5094;60816
5095;1720
5096;17204
5097;60816
5098;5140
5099;9377
5100;467
5101;4673
5102;9377
5103;15750
5104;28131
5105;1432
5106;14318
5107;28131
5108;20300
5109;18754
5110;1845
5111;18455
5112;18754
5113;74788
5114;76216
5115;6799
5116;67989
5117;76216
5118;9766
5119;8919
5120;888
5121;8878
5122;8919
5123;1625427
5124;1799955
5125;147766
5126;1477661
5127;1799955
5128;143443
5129;168838
5130;13040
5131;130403
5132;168838
5133;1747
5134;1350
5135;159
5136;1588
5137;1350
5138;539
5139;330
5140;74
5141;465
5142;330
5143;29300
5144;9749
5145;15150
5146;12350
5147;5140
5148;15750
5149;20301
5150;1747
5151;109487
5152;24555
5153;24555
5154;166459
5155;166459
5156;84698
5157;84698
5158;97677
5159;97677
5160;122760
5161;122760
5162;14906
5163;14906
5164;26399
5165;26399
5166;21450
5167;21450
5168;115381
5169;115381
5170;24785
5171;24785
5172;24785
5173;24785
5174;99140
5175;78271
5176;80465
5177;158736
5178;88781
5179;140325
5180;229106
5181;15750
5182;15750
5183;27300
5184;27300
5185;12100
5186;12100
5187;7305
5188;8474
5189;1169
5190;25650
5191;25650
5192;181040
5193;210006
5194;28966
5195;196998
5196;196998
5197;1137232
5198;1206968
5199;37550
5200;107286
5201;329003
5202;360041
5203;31038
5204;29788
5205;29788
5206;468687
5207;468687
5208;162455
5209;162455
5210;66512
5211;66512
5212;922280
5213;922280
5214;208366
5215;208366
5216;63953
5217;63953
5218;1499382
5219;1499382
5220;269031
5221;269031
5222;68339
5223;68339
5224;1288113
5225;1288113
5226;429299
5227;429299
5228;66132
5229;66132
5230;131149
5231;131149
5232;315434
5233;315434
5234;131051
5235;131051
5236;2752
5237;2752
5238;322723
5239;247969
5240;6621
5241;41096
5242;924
5243;28184
5244;281841
5245;5998
5246;5776
5247;247969
5248;47717
5249;434250
5250;334038
5251;14089
5252;9750
5253;786
5254;37596
5255;375959
5256;1293
5257;14996
5258;3620
5259;334038
5260;23839
5261;2530899
5262;2205844
5263;13892
5264;53231
5265;5014
5266;217941
5267;29400
5268;2179415
5269;1983
5270;67792
5271;29354
5272;2205844
5273;67123
5274;939250
5275;751400
5276;9338
5277;2427
5278;4083
5279;82695
5280;826954
5281;5259
5282;20259
5283;751400
5284;11765
5285;16370
5286;18754
5287;1488
5288;14882
5289;18754
5290;67630
5291;75272
5292;6148
5293;61482
5294;75272
5295;110691
5296;113715
5297;10063
5298;100628
5299;113715
5300;279491
5301;299843
5302;25408
5303;254083
5304;299843
5305;9301
5306;12328
5307;1283
5308;8018
5309;12328
5310;38940
5311;38977
5312;3540
5313;35400
5314;38977
5315;56918
5316;57085
5317;5174
5318;51744
5319;57085
5320;139070
5321;145401
5322;12643
5323;126427
5324;145401
5325;41100
5326;34128
5327;3736
5328;37364
5329;34128
5330;12350
5331;11265
5332;1123
5333;11227
5334;11265
5335;19293
5336;13852
5337;2661
5338;16632
5339;13852
5340;45682
5341;46745
5342;4153
5343;41529
5344;46745
5345;131623
5346;141229
5347;11966
5348;119657
5349;141229
5350;919
5351;660
5352;127
5353;792
5354;660
5355;40559
5356;78655
5357;3687
5358;36872
5359;78655
5360;222428
5361;249700
5362;20220
5363;202208
5364;249700
5365;115986
5366;89220
5367;10544
5368;105442
5369;89220
5370;15150
5371;14982
5372;1377
5373;13773
5374;14982
5375;101282
5376;157580
5377;9207
5378;92075
5379;157580
5380;69550
5381;69814
5382;6323
5383;63227
5384;69814
5385;197280
5386;204448
5387;17935
5388;179345
5389;204448
5390;90459
5391;94722
5392;8224
5393;82235
5394;94722
5395;55752
5396;65167
5397;5068
5398;50684
5399;65167
5400;17760
5401;15642
5402;1615
5403;16145
5404;15642
5405;19426
5406;19424
5407;1766
5408;17660
5409;19424
5410;19140
5411;17559
5412;1740
5413;17400
5414;17559
5415;38050
5416;33631
5417;3459
5418;34591
5419;33631
5420;12760
5421;10965
5422;1160
5423;11600
5424;10965
5425;271720
5426;116847
5427;24702
5428;247018
5429;116847
5430;63551
5431;22877
5432;5777
5433;57774
5434;22877
5435;178357
5436;142680
5437;16214
5438;162143
5439;142680
5440;126166
5441;250614
5442;11470
5443;114696
5444;250614
5445;46683
5446;37346
5447;4244
5448;42439
5449;37346
5450;55125
5451;36106
5452;5011
5453;50114
5454;36106
5455;10794
5456;3362
5457;981
5458;9813
5459;3362
5460;33650
5461;28185
5462;3059
5463;30591
5464;28185
5465;800
5466;330
5467;110
5468;690
5469;330
5470;3494
5471;2699
5472;318
5473;3176
5474;2699
5475;50629
5476;18307
5477;4603
5478;46026
5479;18307
5480;94932
5481;72728
5482;8630
5483;86302
5484;72728
5485;284585
5486;347939
5487;25871
5488;258714
5489;347939
5490;32740
5491;2976
5492;29764
5493;37508
5494;37508
5495;143443
5496;13040
5497;130403
5498;143443
5499;143443
5500;45472
5501;45472
5502;9766
5503;9766
5504;74788
5505;61739
5506;64917
5507;201444
5508;85357
5509;85357
5510;5801
5511;205568
5512;211369
5513;16370
5514;16370
5515;67630
5516;67630
5517;110691
5518;110691
5519;279491
5520;9301
5521;288792
5522;38940
5523;38940
5524;56918
5525;56918
5526;139070
5527;139070
5528;41100
5529;1235
5530;12350
5531;15150
5532;3805
5533;38050
5534;10794
5535;33650
5536;800
5537;3494
5538;150348
5539;19293
5540;19293
5541;45682
5542;45682
5543;131623
5544;919
5545;55125
5546;50629
5547;12760
5548;251056
5549;40559
5550;189689
5551;230248
5552;115986
5553;115986
5554;101283
5555;46683
5556;147966
5557;69550
5558;69550
5559;197280
5560;197280
5561;90459
5562;90459
5563;55752
5564;55752
5565;17760
5566;19426
5567;19140
5568;56326
5569;63551
5570;63551
5571;178357
5572;178357
5573;132831
5574;132831
5575;27545
5576;27545
5577;362909
5578;362909
5579;3017
5580;3017
5581;34043
5582;34043
5583;18512
5584;17636
5585;193
5586;682
5587;335698
5588;258229
5589;1552
5590;10318
5591;931
5592;29540
5593;295401
5594;4007
5595;5819
5596;258229
5597;11870
5598;143400
5599;110307
5600;15842
5601;635
5602;12618
5603;126182
5604;1034
5605;2931
5606;110307
5607;15842
5608;1126447
5609;1027118
5610;5924
5611;12349
5612;993
5613;97415
5614;37800
5615;974152
5616;1896
5617;9880
5618;4311
5619;1027118
5620;18273
5621;308725
5622;246980
5623;7209
5624;2710
5625;1903
5626;26631
5627;266307
5628;3190
5629;1987
5630;8707
5631;246980
5632;9919
5633;38850
5634;38850
5635;10000
5636;10000
5637;225000
5638;225000
5639;403203
5640;441241
5641;38038
5642;26758
5643;26758
5644;206700
5645;206700
5646;97226
5647;97226
5648;144914
5649;144914
5650;113610
5651;113610
5652;104001
5653;104001
5654;114034
5655;114034
5656;217781
5657;217781
5658;7913662
5659;7913662
5660;104002
5661;104002
5662;106904
5663;106904
5664;46457
5665;46457
5666;230308
5667;230308
5668;408820
5669;408820
5670;56393
5671;56393
5672;12181
5673;12181
5674;68407
5675;68407
5676;8433
5677;8433
5678;2459021
5679;2459021
5680;95884
5681;95884
5682;140314
5683;140314
5684;6188
5685;5484
5686;704
5687;12212
5688;11312
5689;900
5690;116447
5691;89547
5692;8182
5693;20592
5694;1103
5695;9359
5696;93587
5697;5502
5698;6896
5699;89547
5700;28774
5701;119602
5702;92001
5703;10782
5704;107820
5705;1000
5706;92001
5707;498699
5708;407299
5709;5239
5710;16377
5711;1097
5712;40333
5713;28000
5714;403332
5715;948
5716;19084
5717;5905
5718;407299
5719;21616
5720;286999
5721;229599
5722;4013
5723;941
5724;614
5725;25463
5726;254627
5727;2457
5728;3838
5729;229599
5730;4954
5731;143443
5732;167189
5733;13040
5734;130403
5735;167189
5736;50400
5737;31316
5738;4582
5739;45818
5740;31316
5741;38646
5742;39269
5743;3513
5744;35133
5745;39269
5746;12350
5747;11312
5748;1123
5749;11227
5750;11312
5751;107318
5752;113805
5753;9756
5754;97562
5755;113805
5756;270642
5757;388604
5758;24604
5759;246038
5760;388604
5761;65149
5762;22334
5763;5923
5764;59226
5765;22334
5766;136148
5767;139688
5768;12377
5769;123771
5770;139688
5771;23066
5772;25911
5773;2097
5774;20969
5775;25911
5776;189165
5777;207633
5778;17196
5779;171969
5780;207633
5781;213519
5782;170815
5783;19411
5784;194108
5785;170815
5786;117447
5787;120045
5788;10677
5789;106770
5790;120045
5791;25480
5792;24670
5793;2316
5794;23164
5795;24670
5796;111435
5797;125046
5798;10130
5799;101305
5800;125046
5801;5037
5802;4246
5803;458
5804;4579
5805;4246
5806;12350
5807;11312
5808;1123
5809;11227
5810;11312
5811;17500
5812;5644
5813;1591
5814;15909
5815;5644
5816;512842
5817;554122
5818;46622
5819;466220
5820;554122
5821;24785
5822;24785
5823;24785
5824;24785
5825;24785
5826;24785
5827;148710
5828;143845
5829;2643
5830;146488
5831;86638
5832;86638
5833;50400
5834;12350
5835;5037
5836;12350
5837;17500
5838;97637
5839;107318
5840;107318
5841;270642
5842;65149
5843;335791
5844;23066
5845;23066
5846;213519
5847;213519
5848;27300
5849;27300
5850;13000
5851;13000
5852;40996
5853;47555
5854;6559
5855;277500
5856;277500
5857;321180
5858;351480
5859;30300
5860;591600
5861;591600
5862;49340
5863;49340
5864;58398
5865;58398
5866;504996
5867;504996
5868;118527
5869;118527
5870;14599
5871;14599
5872;70626
5873;70626
5874;1069481
5875;1069481
5876;399943
5877;399943
5878;5343315
5879;5343315
5880;70626
5881;70626
5882;1632530
5883;1632530
5884;180454
5885;180454
5886;404601
5887;404601
5888;427716
5889;427716
5890;110806
5891;110806
5892;187406
5893;172238
5894;15168
5895;19956
5896;18468
5897;1488
5898;125149
5899;96268
5900;27397
5901;11014
5902;110138
5903;3997
5904;96268
5905;27397
5906;219129
5907;168560
5908;5370
5909;2438
5910;421
5911;19462
5912;194618
5913;1897
5914;1998
5915;733
5916;168560
5917;7808
5918;516249
5919;448381
5920;4790
5921;20317
5922;897
5923;41993
5924;25200
5925;419931
5926;5604
5927;22624
5928;448381
5929;25107
5930;342400
5931;273920
5932;13850
5933;1040
5934;3517
5935;28809
5936;288091
5937;14397
5938;7586
5939;273920
5940;14890
5941;800
5942;330
5943;110
5944;690
5945;330
5946;169477
5947;176276
5948;15407
5949;154070
5950;176276
5951;67202
5952;53761
5953;6109
5954;61093
5955;53761
5956;94312
5957;97149
5958;8574
5959;85738
5960;97149
5961;140169
5962;142768
5963;12743
5964;127426
5965;142768
5966;194630
5967;195484
5968;17694
5969;176936
5970;195484
5971;103271
5972;106396
5973;9388
5974;93883
5975;106396
5976;243995
5977;245539
5978;22181
5979;221814
5980;245539
5981;237759
5982;263647
5983;21615
5984;216144
5985;263647
5986;532961
5987;258229
5988;48451
5989;484510
5990;258229
5991;34727
5992;27480
5993;3157
5994;31570
5995;27480
5996;333637
5997;380542
5998;30331
5999;303306
6000;380542
6001;55439
6002;57917
6003;5040
6004;50399
6005;57917
6006;35050
6007;34551
6008;3186
6009;31864
6010;34551
6011;2800
6012;3550
6013;386
6014;2414
6015;3550
6016;48971
6017;47818
6018;4452
6019;44519
6020;47818
6021;14999
6022;15667
6023;1364
6024;13635
6025;15667
6026;141223
6027;156680
6028;12838
6029;128385
6030;156680
6031;11115
6032;11317
6033;1011
6034;10104
6035;11317
6036;164041
6037;168201
6038;14913
6039;149128
6040;168201
6041;1025777
6042;1155052
6043;93252
6044;932525
6045;1155052
6046;2660
6047;3550
6048;367
6049;2293
6050;3550
6051;169922
6052;96175
6053;15447
6054;154475
6055;96175
6056;154418
6057;123534
6058;14038
6059;140380
6060;123534
6061;98527
6062;105436
6063;8957
6064;89570
6065;105436
6066;7750
6067;5483
6068;705
6069;7045
6070;5483
6071;1667
6072;1567
6073;152
6074;1515
6075;1567
6076;33569
6077;26564
6078;3051
6079;30518
6080;26564
6081;463524
6082;524919
6083;42139
6084;421385
6085;524919
6086;9261
6087;7328
6088;842
6089;8419
6090;7328
6091;12740
6092;1158
6093;11582
6094;24670
6095;24670
6096;8185
6097;744
6098;7441
6099;18468
6100;18468
6101;47102
6102;4282
6103;42820
6104;47762
6105;47762
6106;27346
6107;2486
6108;24860
6109;23253
6110;23253
6111;800
6112;11114
6113;7750
6114;1667
6115;21331
6116;140169
6117;140169
6118;194630
6119;194630
6120;103271
6121;103271
6122;55439
6123;55439
6124;35050
6125;2800
6126;37850
6127;48971
6128;154418
6129;203389
6130;133039
6131;133039
6132;27084
6133;75943
6134;98527
6135;201554
6136;140751
6137;27600
6138;168351
6139;94896
6140;94896
6141;13500
6142;13500
6143;27300
6144;27300
6145;558800
6146;593066
6147;18451
6148;52717
6149;985800
6150;1078800
6151;93000
6152;860327
6153;913083
6154;28407
6155;81163
6156;24500
6157;24500
6158;329003
6159;360041
6160;31038
6161;890000
6162;947850
6163;31150
6164;89000
6165;35848
6166;35848
6167;204156
6168;204156
6169;293105
6170;293105
6171;105657
6172;105657
6173;478001
6174;478001
6175;197638
6176;197638
6177;5674893
6178;5674893
6179;115563
6180;115563
6181;184983
6182;184983
6183;1598720
6184;1598720
6185;214109
6186;214109
6187;270762
6188;270762
6189;25293
6190;25293
6191;6060
6192;6060
6193;11534
6194;11534
6195;4346
6196;3915
6197;432
6198;196330
6199;151023
6200;310
6201;23973
6202;117
6203;17453
6204;174527
6205;3500
6206;733
6207;151023
6208;24283
6209;164552
6210;126578
6211;815
6212;7313
6213;152
6214;14316
6215;143161
6216;948
6217;5975
6218;126578
6219;8128
6220;479401
6221;399356
6222;9209
6223;26868
6224;469
6225;36554
6226;34600
6227;365540
6228;1552
6229;39306
6230;1380
6231;399356
6232;36077
6233;221548
6234;177238
6235;9789
6236;1981
6237;3393
6238;17678
6239;176773
6240;12591
6241;2493
6242;8620
6243;177238
6244;11770
6245;12342
6246;13175
6247;1122
6248;11220
6249;13175
6250;12350
6251;11319
6252;1123
6253;11227
6254;11319
6255;13000
6256;15312
6257;1182
6258;11818
6259;15312
6260;50400
6261;31316
6262;4582
6263;45818
6264;31316
6265;165840
6266;165989
6267;15076
6268;150764
6269;165989
6270;1850
6271;2614
6272;255
6273;1595
6274;2614
6275;94697
6276;95722
6277;8609
6278;86088
6279;95722
6280;93225
6281;92508
6282;8475
6283;84750
6284;92508
6285;78782
6286;87876
6287;7162
6288;71620
6289;87876
6290;4594
6291;3299
6292;634
6293;3960
6294;3299
6295;39064
6296;25545
6297;3552
6298;35512
6299;25545
6300;10280
6301;18432
6302;934
6303;9346
6304;18432
6305;10794
6306;3618
6307;981
6308;9813
6309;3618
6310;12350
6311;11319
6312;1123
6313;11227
6314;11319
6315;2000
6316;1656
6317;182
6318;1818
6319;1656
6320;14520
6321;5695
6322;1320
6323;13200
6324;5695
6325;200405
6326;169023
6327;18218
6328;182187
6329;169023
6330;68904
6331;65791
6332;6264
6333;62640
6334;65791
6335;1747
6336;436
6337;159
6338;1588
6339;436
6340;310864
6341;324856
6342;28260
6343;282604
6344;324856
6345;18505
6346;1683
6347;16822
6348;6916
6349;6916
6350;1757
6351;494930
6352;538243
6353;1034930
6354;32199
6355;32199
6356;291448
6357;18000
6358;309448
6359;136148
6360;10340
6361;146488
6362;86670
6363;86670
6364;1747
6365;2000
6366;50400
6367;13000
6368;10794
6369;12350
6370;12350
6371;102641
6372;94697
6373;94697
6374;78782
6375;78782
6376;14520
6377;14520
6378;14622
6379;5109
6380;22071
6381;2340
6382;179651
6383;179651
6384;27300
6385;27300
6386;400388
6387;438667
6388;38279
6389;9138
6390;10000
6391;862
6392;159000
6393;174000
6394;15000
6395;24500
6396;24500
6397;432926
6398;432926
6399;56927
6400;56927
6401;229764
6402;229764
6403;269934
6404;269934
6405;88016
6406;88016
6407;62631
6408;62631
6409;226639
6410;226639
6411;124992
6412;124992
6413;105202
6414;105202
6415;170953
6416;170953
6417;237230
6418;237230
6419;254103
6420;254103
6421;46080
6422;46080
6423;2671
6424;2671
6425;12823
6426;12823
6427;145244
6428;145244
6429;7434
6430;7434
6431;107999
6432;83076
6433;621
6434;34247
6435;234
6436;9211
6437;92105
6438;4983
6439;1466
6440;83076
6441;34868
6442;170202
6443;130924
6444;1622
6445;2438
6446;304
6447;14909
6448;149091
6449;1896
6450;4002
6451;130924
6452;4060
6453;731700
6454;620089
6455;2078
6456;14499
6457;620
6458;61297
6459;35000
6460;612967
6461;948
6462;17937
6463;2931
6464;620089
6465;16577
6466;555251
6467;444200
6468;8514
6469;1287
6470;1898
6471;49000
6472;490000
6473;5876
6474;2486
6475;5991
6476;444200
6477;9801
6478;26370
6479;24522
6480;2398
6481;23972
6482;24522
6483;29300
6484;24522
6485;2664
6486;26636
6487;24522
6488;84412
6489;86642
6490;7674
6491;76738
6492;86642
6493;174526
6494;178519
6495;15866
6496;158660
6497;178519
6498;11850
6499;8919
6500;1077
6501;10773
6502;8919
6503;153865
6504;94269
6505;13988
6506;139877
6507;94269
6508;71449
6509;72593
6510;6495
6511;64954
6512;72593
6513;2000
6514;1567
6515;182
6516;1818
6517;1567
6518;117454
6519;122462
6520;10678
6521;106776
6522;122462
6523;110491
6524;119311
6525;10045
6526;100446
6527;119311
6528;56183
6529;51715
6530;5108
6531;51075
6532;51715
6533;12350
6534;11319
6535;1123
6536;11227
6537;11319
6538;3190
6539;3294
6540;290
6541;2900
6542;3294
6543;1747
6544;436
6545;159
6546;1588
6547;436
6548;153865
6549;94269
6550;13988
6551;139877
6552;94269
6553;22259
6554;29658
6555;3070
6556;19189
6557;29658
6558;57197
6559;22877
6560;5200
6561;51997
6562;22877
6563;10799
6564;3130
6565;1489
6566;9310
6567;3130
6568;11115
6569;11319
6570;1011
6571;10104
6572;11319
6573;4000
6574;3312
6575;364
6576;3636
6577;3312
6578;4785
6579;435
6580;4350
6581;9882
6582;9882
6583;19140
6584;1740
6585;17400
6586;19764
6587;19764
6588;32740
6589;2976
6590;29764
6591;36864
6592;36864
6593;8179
6594;744
6595;7435
6596;17744
6597;17744
6598;10092
6599;10092
6600;4000
6601;11114
6602;3190
6603;12350
6604;2000
6605;11850
6606;29300
6607;26369
6608;100173
6609;109275
6610;109275
6611;56183
6612;56183
6613;41685
6614;41685
6615;174526
6616;174526
6617;79627
6618;79627
6619;235145
6620;235145
6621;94312
6622;94312
6623;20559
6624;4594
6625;1850
6626;165840
6627;10281
6628;203124
6629;40266
6630;40266
6631;22000
6632;22000
6633;27300
6634;27300
6635;90000
6636;90000
6637;16000
6638;16000
6639;320760
6640;320760
6641;492900
6642;539400
6643;46500
6644;189623
6645;207512
6646;17889
6647;35000
6648;35000
6649;35848
6650;35848
6651;67610
6652;67610
6653;66072
6654;66072
6655;11949
6656;11949
6657;99987
6658;99987
6659;80360
6660;80360
6661;870751
6662;870751
6663;62631
6664;62631
6665;38912
6666;38912
6667;240549
6668;240549
6669;607256
6670;607256
6671;319546
6672;319546
6673;240550
6674;240550
6675;5339601
6676;5339601
6677;421177
6678;421177
6679;155166
6680;155166
6681;1751408
6682;1751408
6683;20249
6684;20249
6685;106456
6686;106456
6687;3314
6688;3314
6689;119675
6690;119675
6691;72707
6692;72707
6693;39822
6694;36845
6695;2976
6696;292618
6697;239361
6698;1552
6699;47963
6700;586
6701;25352
6702;253518
6703;9498
6704;3664
6705;239361
6706;49515
6707;307759
6708;236737
6709;3740
6710;2438
6711;117
6712;27722
6713;277220
6714;1967
6715;733
6716;236737
6717;6178
6718;1070799
6719;956600
6720;1095
6721;41548
6722;1386
6723;88777
6724;31900
6725;887771
6726;52300
6727;8665
6728;956600
6729;42643
6730;631251
6731;505000
6732;10831
6733;347
6734;1821
6735;56187
6736;561864
6737;6982
6738;4397
6739;505000
6740;11178
6741;139667
6742;149329
6743;12697
6744;126970
6745;149329
6746;42769
6747;47295
6748;3888
6749;38881
6750;47295
6751;41395
6752;31565
6753;3763
6754;37632
6755;31565
6756;184264
6757;147411
6758;16751
6759;167513
6760;147411
6761;35889
6762;28711
6763;3263
6764;32626
6765;28711
6766;63800
6767;54826
6768;5800
6769;58000
6770;54826
6771;135435
6772;108348
6773;12312
6774;123123
6775;108348
6776;287300
6777;330184
6778;26118
6779;261182
6780;330184
6781;12350
6782;11319
6783;1123
6784;11227
6785;11319
6786;37040
6787;38834
6788;3367
6789;33673
6790;38834
6791;107752
6792;114624
6793;9796
6794;97956
6795;114624
6796;7200
6797;3130
6798;993
6799;6207
6800;3130
6801;15150
6802;14417
6803;1377
6804;13773
6805;14417
6806;192289
6807;189777
6808;17481
6809;174808
6810;189777
6811;34420
6812;40681
6813;3129
6814;31291
6815;40681
6816;16665
6817;15682
6818;1515
6819;15150
6820;15682
6821;50400
6822;31565
6823;4582
6824;45818
6825;31565
6826;142842
6827;142322
6828;12986
6829;129856
6830;142322
6831;14520
6832;4648
6833;1320
6834;13200
6835;4648
6836;1369790
6837;1474069
6838;124526
6839;1245264
6840;1474069
6841;147000
6842;257918
6843;13364
6844;133636
6845;257918
6846;154250
6847;261844
6848;14023
6849;140227
6850;261844
6851;1028
6852;93
6853;935
6854;1863
6855;1863
6856;171358
6857;15578
6858;155780
6859;171358
6860;171358
6861;154250
6862;147000
6863;301250
6864;50400
6865;15150
6866;12350
6867;77900
6868;37040
6869;37040
6870;42769
6871;42769
6872;183235
6873;183235
6874;139667
6875;41395
6876;35889
6877;216951
6878;734649
6879;1679329
6880;158311
6881;141342
6882;212013
6883;2218934
6884;286338
6885;80277
6886;366615
6887;9630
6888;1747
6889;28800
6890;40177
6891;17000
6892;17000
6893;27300
6894;27300
6895;33600
6896;33600
6897;7610
6898;8828
6899;1218
6900;153000
6901;153000
6902;24500
6903;24500
6904;113935
6905;113935
6906;786373
6907;786373
6908;122056
6909;122056
6910;14390
6911;14390
6912;623978
6913;623978
6914;378936
6915;378936
6916;157690
6917;157690
6918;193279
6919;193279
6920;145997
6921;145997
6922;7662
6923;7662
6924;130256
6925;130256
6926;293549
6927;225806
6928;20566
6929;346
6930;25959
6931;259591
6932;5494
6933;2159
6934;225806
6935;20566
6936;516350
6937;430291
6938;2616
6939;11038
6940;413
6941;45943
6942;459423
6943;1207
6944;7985
6945;1379
6946;430291
6947;13654
6948;1722150
6949;1411784
6950;4323
6951;52085
6952;1159
6953;145408
6954;43800
6955;1454080
6956;2845
6957;70461
6958;4397
6959;1411784
6960;56408
6961;595848
6962;476678
6963;22472
6964;1040
6965;4303
6966;50748
6967;507472
6968;19310
6969;6428
6970;7587
6971;476678
6972;23512
6973;50400
6974;31565
6975;4582
6976;45818
6977;31565
6978;14520
6979;4648
6980;1320
6981;13200
6982;4648
6983;2600
6984;1863
6985;236
6986;2364
6987;1863
6988;35519
6989;31339
6990;3229
6991;32290
6992;31339
6993;45232
6994;39959
6995;4112
6996;41120
6997;39959
6998;8333
6999;7841
7000;758
7001;7575
7002;7841
7003;31900
7004;27413
7005;2900
7006;29000
7007;27413
7008;20300
7009;18423
7010;1845
7011;18455
7012;18423
7013;104357
7014;106070
7015;9487
7016;94870
7017;106070
7018;1850
7019;2614
7020;255
7021;1595
7022;2614
7023;135373
7024;136569
7025;12307
7026;123066
7027;136569
7028;147128
7029;162153
7030;13375
7031;133753
7032;162153
7033;25480
7034;24443
7035;2316
7036;23164
7037;24443
7038;11000
7039;18423
7040;1000
7041;10000
7042;18423
7043;61335
7044;69000
7045;5575
7046;55760
7047;69000
7048;59219
7049;66918
7050;5383
7051;53836
7052;66918
7053;57420
7054;54826
7055;5220
7056;52200
7057;54826
7058;127778
7059;138926
7060;11616
7061;116162
7062;138926
7063;104682
7064;117941
7065;9516
7066;95166
7067;117941
7068;102363
7069;140999
7070;9306
7071;93057
7072;140999
7073;203495
7074;204067
7075;18500
7076;184995
7077;204067
7078;49415
7079;54663
7080;4492
7081;44923
7082;54663
7083;29700
7084;33957
7085;2700
7086;27000
7087;33957
7088;61698
7089;60313
7090;5609
7091;56089
7092;60313
7093;98930
7094;109218
7095;8994
7096;89936
7097;109218
7098;45000
7099;6207
7100;38793
7101;8268
7102;5940
7103;1140
7104;7128
7105;5940
7106;68150
7107;37356
7108;6195
7109;61955
7110;37356
7111;12350
7112;11319
7113;1123
7114;11227
7115;11319
7116;112717
7117;102425
7118;10247
7119;102470
7120;102425
7121;133404
7122;136592
7123;12128
7124;121276
7125;136592
7126;256236
7127;254406
7128;23294
7129;232942
7130;254406
7131;26370
7132;24443
7133;2398
7134;23972
7135;24443
7136;78995
7137;86503
7138;7181
7139;71814
7140;86503
7141;36916
7142;56927
7143;3356
7144;33560
7145;56927
7146;196009
7147;156807
7148;17819
7149;178190
7150;156807
7151;186434
7152;71170
7153;16949
7154;169485
7155;71170
7156;114073
7157;91258
7158;10370
7159;103703
7160;91258
7161;57182
7162;23012
7163;5198
7164;51984
7165;23012
7166;90463
7167;27643
7168;8224
7169;82239
7170;27643
7171;23439
7172;21855
7173;2131
7174;21308
7175;21855
7176;34200
7177;51262
7178;3109
7179;31091
7180;51262
7181;2500
7182;227
7183;2273
7184;4704
7185;4704
7186;77000
7187;77000
7188;34200
7189;34200
7190;50400
7191;14520
7192;2600
7193;20301
7194;11000
7195;61336
7196;68151
7197;1235
7198;12350
7199;26369
7200;265792
7201;102110
7202;8268
7203;59220
7204;169598
7205;187971
7206;147128
7207;335099
7208;36916
7209;36916
7210;35519
7211;45232
7212;8333
7213;89084
7214;31900
7215;31900
7216;104357
7217;1850
7218;106207
7219;127778
7220;127778
7221;104683
7222;104683
7223;102363
7224;90463
7225;192826
7226;49415
7227;23440
7228;72855
7229;29700
7230;57182
7231;86882
7232;61698
7233;61698
7234;96430
7235;96430
7236;16665
7237;16665
7238;126618
7239;126618
7240;150045
7241;150045
7242;108572
7243;108572
7244;192289
7245;192289
7246;34420
7247;34420
7248;120704
7249;120704
7250;421002
7251;19000
7252;440002
7253;304811
7254;2239
7255;181950
7256;23997
7257;162692
7258;2827
7259;12712
7260;43013
7261;69818
7262;36240
7263;47702
7264;15483
7265;903484
7266;25920
7267;31201
7268;42372
7269;67612
7270;215350
7271;205882
7272;34268
7273;4869
7274;68904
7275;94932
7276;45064
7277;91132
7278;927506
7279;3330
7280;24534
7281;60482
7282;36000
7283;69818
7284;86735
7285;14999
7286;33223
7287;260052
7288;312826
7289;257396
7290;486351
7291;300394
7292;1946140
7293;303838
7294;349827
7295;269425
7296;365851
7297;326751
7298;696998
7299;414824
7300;225802
7301;1288919
7302;285135
7303;268245
7304;280633
7305;273512
7306;5349760
7307;107503
7308;107503
7309;3819
7310;3819
7311;69870
7312;69870
7313;209400
7314;161076
7315;621
7316;17141
7317;235
7318;17790
7319;177909
7320;12000
7321;1466
7322;161076
7323;17762
7324;105300
7325;84240
7326;7480
7327;1093
7328;235
7329;9272
7330;92727
7331;1600
7332;1466
7333;84240
7334;8573
7335;750099
7336;614314
7337;2007
7338;30525
7339;434
7340;60979
7341;42700
7342;609783
7343;1983
7344;33488
7345;732
7346;614314
7347;32532
7348;231251
7349;185000
7350;1115
7351;984
7352;566
7353;20423
7354;204227
7355;1379
7356;2501
7357;2155
7358;185000
7359;2099
7360;53200
7361;53200
7362;17000
7363;17000
7364;17000
7365;17000
7366;106168
7367;123155
7368;16987
7369;24500
7370;24500
7371;1060000
7372;1128900
7373;37100
7374;106000
7375;329003
7376;360041
7377;31038
7378;558800
7379;593066
7380;18451
7381;52717
7382;636302
7383;636302
7384;93085
7385;93085
7386;409365
7387;409365
7388;299820
7389;299820
7390;16448
7391;16448
7392;39216
7393;39216
7394;521395
7395;521395
7396;3206418
7397;3206418
7398;2297062
7399;2297062
7400;152490
7401;152490
7402;248752
7403;248752
7404;10386
7405;10386
7406;109701
7407;84385
7408;310
7409;20548
7410;462
7411;9395
7412;93956
7413;3000
7414;2888
7415;84385
7416;20858
7417;143451
7418;114760
7419;6612
7420;700
7421;179
7422;12414
7423;124138
7424;1120
7425;5600
7426;114760
7427;7312
7428;437550
7429;326507
7430;4802
7431;19977
7432;552
7433;34250
7434;32500
7435;342500
7436;2069
7437;24299
7438;1380
7439;326507
7440;24779
7441;410398
7442;328318
7443;13620
7444;637
7445;2400
7446;35500
7447;354999
7448;13880
7449;2498
7450;1121
7451;328318
7452;14257
7453;1667
7454;1569
7455;152
7456;1515
7457;1569
7458;86826
7459;124036
7460;7893
7461;78933
7462;124036
7463;132879
7464;255942
7465;12080
7466;120799
7467;255942
7468;258821
7469;655643
7470;23529
7471;235292
7472;655643
7473;8601
7474;11128
7475;1186
7476;7415
7477;11128
7478;52196
7479;133370
7480;4745
7481;47451
7482;133370
7483;291157
7484;401757
7485;26469
7486;264688
7487;401757
7488;260022
7489;601957
7490;23638
7491;236384
7492;601957
7493;6380
7494;5483
7495;580
7496;5800
7497;5483
7498;67200
7499;445819
7500;6109
7501;61091
7502;445819
7503;16370
7504;63688
7505;1488
7506;14882
7507;63688
7508;166263
7509;69383
7510;15115
7511;151148
7512;69383
7513;9800
7514;8919
7515;891
7516;8909
7517;8919
7518;7750
7519;5483
7520;705
7521;7045
7522;5483
7523;800
7524;330
7525;110
7526;690
7527;330
7528;570907
7529;709377
7530;51901
7531;519006
7532;709377
7533;199500
7534;159600
7535;18136
7536;181364
7537;159600
7538;199500
7539;159600
7540;18136
7541;181364
7542;159600
7543;1595
7544;145
7545;1450
7546;3294
7547;3294
7548;108024
7549;155328
7550;129614
7551;187213
7552;580179
7553;267971
7554;258194
7555;4650
7556;530815
7557;54487
7558;234936
7559;4650
7560;294073
7561;52085
7562;2239
7563;57197
7564;10801
7565;22259
7566;7200
7567;57420
7568;45000
7569;55667
7570;103356
7571;145725
7572;134998
7573;110976
7574;804923
7575;199499
7576;199500
7577;398999
7578;16370
7579;16370
7580;67200
7581;67200
7582;6380
7583;6380
7584;291157
7585;291157
7586;52196
7587;52196
7588;132879
7589;132879
7590;86826
7591;86826
7592;800
7593;7750
7594;9800
7595;1667
7596;20017
7597;17000
7598;17000
7599;27300
7600;27300
7601;45000
7602;45000
7603;822411
7604;872842
7605;27155
7606;77586
7607;321180
7608;351480
7609;30300
7610;36000
7611;36000
7612;985800
7613;1078800
7614;93000
7615;329003
7616;360041
7617;31038
7618;317485
7619;347436
7620;29951
7621;217616
7622;238146
7623;20530
7624;54790
7625;54790
7626;40678
7627;40678
7628;152946
7629;152946
7630;2521800
7631;2521800
7632;529217
7633;529217
7634;171770
7635;171770
7636;465247
7637;465247
7638;1222620
7639;1222620
7640;245298
7641;245298
7642;166967
7643;166967
7644;1696
7645;1696
7646;6588
7647;6588
7648;34656
7649;30191
7650;4465
7651;5189
7652;4662
7653;527
7654;185700
7655;53798
7656;2483
7657;20548
7658;938
7659;15991
7660;159909
7661;3000
7662;5862
7663;53798
7664;23031
7665;179250
7666;143400
7667;7480
7668;3306
7669;234
7670;15795
7671;157954
7672;3801
7673;1466
7674;143400
7675;10786
7676;435749
7677;355036
7678;5662
7679;6869
7680;152
7681;35939
7682;24700
7683;359391
7684;948
7685;14619
7686;355036
7687;12531
7688;238701
7689;190960
7690;7276
7691;1345
7692;20814
7693;208137
7694;7844
7695;561
7696;190960
7697;7276
7698;5500
7699;31844
7700;500
7701;5000
7702;31844
7703;172620
7704;304274
7705;15692
7706;156928
7707;304274
7708;20950
7709;20072
7710;1905
7711;19045
7712;20072
7713;25520
7714;24140
7715;2320
7716;23200
7717;24140
7718;11380
7719;10190
7720;1035
7721;10345
7722;10190
7723;220872
7724;493107
7725;20079
7726;200793
7727;493107
7728;58772
7729;99583
7730;5343
7731;53429
7732;99583
7733;39498
7734;162650
7735;3591
7736;35907
7737;162650
7738;15150
7739;54217
7740;1377
7741;13773
7742;54217
7743;2200
7744;200
7745;2000
7746;39498
7747;162650
7748;3591
7749;35907
7750;162650
7751;271732
7752;217385
7753;24703
7754;247029
7755;217385
7756;101026
7757;197892
7758;9184
7759;91842
7760;197892
7761;5250
7762;31844
7763;477
7764;4773
7765;31844
7766;105782
7767;126438
7768;9617
7769;96165
7770;126438
7771;24908
7772;13196
7773;12328
7774;3436
7775;7216
7776;14256
7777;12328
7778;13196
7779;51700
7780;50056
7781;4700
7782;47000
7783;50056
7784;146584
7785;358400
7786;13326
7787;133258
7788;358400
7789;30856
7790;57232
7791;2805
7792;28051
7793;57232
7794;79111
7795;102011
7796;7192
7797;71919
7798;102011
7799;39420
7800;31536
7801;3584
7802;35836
7803;31536
7804;36036
7805;38800
7806;3276
7807;32760
7808;38800
7809;140169
7810;301268
7811;12743
7812;127426
7813;301268
7814;115211
7815;290770
7816;10474
7817;104737
7818;290770
7819;36428
7820;58966
7821;3312
7822;33116
7823;58966
7824;16500
7825;95533
7826;1500
7827;15000
7828;95533
7829;16500
7830;95533
7831;1500
7832;15000
7833;95533
7834;520618
7835;416494
7836;47328
7837;473290
7838;416494
7839;212734
7840;528193
7841;19339
7842;193395
7843;528193
7844;60999
7845;64873
7846;5545
7847;55454
7848;64873
7849;295522
7850;648712
7851;26866
7852;268656
7853;648712
7854;544161
7855;435328
7856;49469
7857;494692
7858;435328
7859;12350
7860;11321
7861;1123
7862;11227
7863;11321
7864;80791
7865;135203
7866;7345
7867;73446
7868;135203
7869;71975
7870;119573
7871;6543
7872;65432
7873;119573
7874;26270
7875;75009
7876;2388
7877;23882
7878;75009
7879;4421
7880;6488
7881;402
7882;4019
7883;6488
7884;321483
7885;499515
7886;29226
7887;292257
7888;499515
7889;215849
7890;172679
7891;19622
7892;196227
7893;172679
7894;115500
7895;700572
7896;10500
7897;105000
7898;700572
7899;9570
7900;870
7901;8700
7902;9570
7903;9570
7904;8842
7905;804
7906;8038
7907;202
7908;202
7909;12760
7910;1160
7911;11600
7912;10966
7913;10966
7914;153864
7915;13988
7916;139876
7917;110839
7918;110839
7919;16500
7920;16500
7921;115500
7922;215849
7923;364349
7924;12350
7925;5250
7926;2200
7927;15150
7928;136081
7929;5500
7930;176531
7931;26270
7932;26270
7933;140169
7934;140169
7935;36036
7936;36036
7937;30856
7938;30856
7939;146584
7940;8416
7941;155000
7942;38940
7943;38940
7944;262890
7945;39498
7946;302388
7947;11380
7948;25520
7949;20950
7950;57850
7951;49202
7952;49202
7953;220872
7954;220872
7955;1079090
7956;1079090
7957;63800
7958;78995
7959;197980
7960;340775
7961;9261
7962;451875
7963;34727
7964;495863
7965;33570
7966;333637
7967;367207
7968;16024
7969;63096
7970;24785
7971;146643
7972;83867
7973;13970
7974;4335
7975;19099
7976;80570
7977;177031
7978;168364
7979;797784
7980;32750
7981;32750
7982;27300
7983;27300
7984;21000
7985;21000
7986;450000
7987;450000
7988;169600
7989;185600
7990;16000
7991;955690
7992;955690
7993;310173
7994;310173
7995;38332
7996;38332
7997;110780
7998;110780
7999;32895
8000;32895
8001;215280
8002;215280
8003;89763
8004;89763
8005;427978
8006;427978
8007;3908650
8008;3908650
8009;1306507
8010;1306507
8011;129552
8012;129552
8013;204803
8014;204803
8015;2269
8016;2269
8017;120611
8018;117335
8019;3276
8020;189300
8021;145615
8022;1242
8023;23991
8024;469
8025;16355
8026;163544
8027;6001
8028;2931
8029;145615
8030;25233
8031;73501
8032;54968
8033;3740
8034;1093
8035;117
8036;6459
8037;64591
8038;1601
8039;733
8040;54968
8041;4833
8042;396448
8043;383274
8044;6126
8045;18505
8046;1214
8047;30477
8048;29600
8049;304772
8050;1983
8051;22800
8052;5602
8053;383274
8054;24631
8055;283803
8056;227042
8057;5513
8058;1910
8059;973
8060;24478
8061;244781
8062;5517
8063;7494
8064;560
8065;227042
8066;7423
8067;33941
8068;36233
8069;3086
8070;30855
8071;36233
8072;12350
8073;11323
8074;1123
8075;11227
8076;11323
8077;29300
8078;32424
8079;2664
8080;26636
8081;32424
8082;52106
8083;93311
8084;4737
8085;47369
8086;93311
8087;107452
8088;274242
8089;9768
8090;97684
8091;274242
8092;4650
8093;6164
8094;641
8095;4009
8096;6164
8097;30841
8098;14575
8099;2804
8100;28037
8101;14575
8102;123939
8103;401823
8104;11267
8105;112672
8106;401823
8107;15150
8108;10733
8109;1377
8110;13773
8111;10733
8112;15150
8113;54217
8114;1377
8115;13773
8116;54217
8117;4500
8118;3600
8119;409
8120;4091
8121;3600
8122;628116
8123;502492
8124;57101
8125;571015
8126;502492
8127;152250
8128;121800
8129;13841
8130;138409
8131;121800
8132;131250
8133;105000
8134;11932
8135;119318
8136;105000
8137;230482
8138;20953
8139;209529
8140;230482
8141;230482
8142;131250
8143;152250
8144;283500
8145;4500
8146;15150
8147;15150
8148;29300
8149;12350
8150;76450
8151;123939
8152;123939
8153;30841
8154;4650
8155;107452
8156;142943
8157;52106
8158;52106
8159;27410
8160;58544
8161;206696
8162;292650
8163;203495
8164;11505
8165;215000
8166;189166
8167;189166
8168;223375
8169;223375
8170;212735
8171;212735
8172;139266
8173;139266
8174;38850
8175;38850
8176;14606
8177;5109
8178;22052
8179;2337
8180;24500
8181;24500
8182;64849
8183;64849
8184;1162253
8185;1162253
8186;101122
8187;101122
8188;194366
8189;194366
8190;172434
8191;172434
8192;58524
8193;58524
8194;232429
8195;232429
8196;80998
8197;80998
8198;10507
8199;10507
8200;33019
8201;33019
8202;2448
8203;2448
8204;128487
8205;128487
8206;216941
8207;216941
8208;18391
8209;18391
8210;147872
8211;145640
8212;2232
8213;240947
8214;185343
8215;17123
8216;21677
8217;216773
8218;2497
8219;185343
8220;17123
8221;108899
8222;58315
8223;8097
8224;9371
8225;635
8226;8154
8227;81545
8228;3966
8229;14599
8230;58315
8231;17468
8232;312200
8233;317161
8234;815
8235;25246
8236;151
8237;23473
8238;20600
8239;234727
8240;948
8241;32301
8242;317161
8243;26061
8244;343553
8245;274842
8246;21357
8247;693
8248;3365
8249;28423
8250;284230
8251;14483
8252;6500
8253;6552
8254;274842
8255;22050
8256;85800
8257;89464
8258;7800
8259;78000
8260;89464
8261;54945
8262;48584
8263;4995
8264;49950
8265;48584
8266;343416
8267;274732
8268;31219
8269;312197
8270;274732
8271;4650
8272;6164
8273;641
8274;4009
8275;6164
8276;201890
8277;161512
8278;18353
8279;183537
8280;161512
8281;81298
8282;202491
8283;7391
8284;73907
8285;202491
8286;32740
8287;194186
8288;2976
8289;29764
8290;194186
8291;29300
8292;32424
8293;26636
8294;32424
8295;211691
8296;144332
8297;19245
8298;192446
8299;144332
8300;133494
8301;374983
8302;12136
8303;121358
8304;374983
8305;47103
8306;70734
8307;4282
8308;42821
8309;70734
8310;14400
8311;6261
8312;1986
8313;12414
8314;6261
8315;4421
8316;6488
8317;402
8318;4019
8319;6488
8320;78651
8321;117931
8322;7150
8323;71501
8324;117931
8325;21822
8326;16499
8327;3010
8328;18812
8329;16499
8330;38404
8331;29035
8332;5297
8333;33107
8334;29035
8335;72732
8336;65791
8337;6612
8338;66120
8339;65791
8340;100060
8341;433732
8342;9096
8343;90964
8344;433732
8345;52501
8346;485465
8347;4773
8348;47728
8349;485465
8350;139351
8351;111480
8352;12668
8353;126683
8354;111480
8355;65481
8356;5953
8357;59528
8358;65481
8359;65481
8360;243995
8361;10505
8362;254500
8363;368675
8364;33207
8365;81510
8366;35287
8367;148773
8368;667452
8369;139350
8370;52501
8371;191851
8372;4421
8373;4421
8374;133494
8375;133494
8376;29300
8377;29300
8378;32740
8379;32740
8380;81298
8381;81298
8382;201891
8383;201891
8384;4650
8385;277936
8386;282586
8387;85800
8388;85800
8389;123850
8390;123850
8391;56000
8392;56000
8393;27300
8394;27300
8395;117240
8396;117240
8397;39200
8398;39200
8399;758451
8400;804960
8401;25043
8402;71552
8403;495953
8404;542741
8405;46788
8406;558800
8407;593066
8408;18451
8409;52717
8410;155287
8411;155287
8412;48853
8413;48853
8414;318071
8415;318071
8416;1078004
8417;1078004
8418;404712
8419;404712
8420;345087
8421;345087
8422;304252
8423;304252
8424;119853
8425;119853
8426;5575163
8427;5575163
8428;2286317
8429;2286317
8430;231701
8431;231701
8432;58340
8433;58340
8434;3879
8435;3879
8436;14246
8437;14246
8438;189402
8439;145693
8440;4696
8441;104837
8442;766
8443;15850
8444;158500
8445;9502
8446;4784
8447;145693
8448;109533
8449;143999
8450;115199
8451;3012
8452;7159
8453;759
8454;12009
8455;120091
8456;2586
8457;6399
8458;2155
8459;115199
8460;10171
8461;871048
8462;739899
8463;8790
8464;46200
8465;1821
8466;70453
8467;24100
8468;704528
8469;4741
8470;58767
8471;6638
8472;739899
8473;54990
8474;345699
8475;245290
8476;9257
8477;851
8478;1903
8479;30129
8480;301285
8481;8620
8482;486
8483;3276
8484;245290
8485;10108
8486;177647
8487;359939
8488;16150
8489;161497
8490;359939
8491;166286
8492;280067
8493;15117
8494;151169
8495;280067
8496;136961
8497;273252
8498;12451
8499;124510
8500;273252
8501;83279
8502;186943
8503;7571
8504;75708
8505;186943
8506;25700
8507;22366
8508;2336
8509;23364
8510;22366
8511;20300
8512;95323
8513;1845
8514;18455
8515;95323
8516;168950
8517;115693
8518;15359
8519;153591
8520;115693
8521;166533
8522;229486
8523;15139
8524;151394
8525;229486
8526;239620
8527;456283
8528;21784
8529;217836
8530;456283
8531;70700
8532;134492
8533;6427
8534;64273
8535;134492
8536;19569
8537;19297
8538;1779
8539;17790
8540;19297
8541;133939
8542;104943
8543;12176
8544;121763
8545;104943
8546;175930
8547;140744
8548;15994
8549;159936
8550;140744
8551;23130
8552;22366
8553;2102
8554;21028
8555;22366
8556;93956
8557;75164
8558;8541
8559;85415
8560;75164
8561;103785
8562;102325
8563;9435
8564;94350
8565;102325
8566;73551
8567;282190
8568;6687
8569;66864
8570;282190
8571;121297
8572;258683
8573;11027
8574;110270
8575;258683
8576;29300
8577;28767
8578;26636
8579;28767
8580;213239
8581;488573
8582;19385
8583;193854
8584;488573
8585;25027
8586;20021
8587;2275
8588;22752
8589;20021
8590;1346631
8591;1077304
8592;122421
8593;1224210
8594;1077304
8595;14520
8596;4648
8597;1320
8598;13200
8599;4648
8600;183751
8601;147000
8602;16705
8603;167046
8604;147000
8605;141751
8606;113400
8607;12887
8608;128864
8609;113400
8610;24200
8611;2200
8612;22000
8613;3190
8614;290
8615;2900
8616;6588
8617;6588
8618;141750
8619;183751
8620;325501
8621;29300
8622;29300
8623;2570
8624;25700
8625;20301
8626;11855
8627;118550
8628;70700
8629;23131
8630;14520
8631;258477
8632;4847
8633;177647
8634;172800
8635;166285
8636;166285
8637;136961
8638;136961
8639;166533
8640;166533
8641;19569
8642;175930
8643;24200
8644;85355
8645;85355
8646;171299
8647;93957
8648;93957
8649;282967
8650;282967
8651;147000
8652;147000
8653;91351
8654;101026
8655;192377
8656;4421
8657;4421
8658;453389
8659;1640748
8660;169539
8661;514150
8662;67542
8663;487634
8664;46213
8665;32270
8666;40529
8667;541186
8668;169838
8669;440814
8670;147971
8671;389203
8672;9256
8673;17675
8674;301320
8675;1526094
8676;119832
8677;516171
8678;101509
8679;48019
8680;56510
8681;252530
8682;457284
8683;7127598
8684;114000
8685;114000
8686;27300
8687;27300
8688;7802
8689;9050
8690;1248
8691;739350
8692;809100
8693;69750
8694;35000
8695;35000
8696;10390
8697;10390
8698;58260
8699;58260
8700;222640
8701;222640
8702;2441806
8703;2441806
8704;155490
8705;155490
8706;66123
8707;66123
8708;343504
8709;343504
8710;76360
8711;76360
8712;232429
8713;232429
8714;181312
8715;181312
8716;623573
8717;623573
8718;188529
8719;188529
8720;211397
8721;211397
8722;10195
8723;10195
8724;5589
8725;5589
8726;26776
8727;26776
8728;150239
8729;150239
8730;170884
8731;170884
8732;3637
8733;3030
8734;607
8735;538174
8736;413980
8737;11333
8738;14992
8739;1711
8740;47480
8741;474799
8742;3495
8743;10689
8744;413980
8745;26325
8746;410490
8747;328392
8748;8295
8749;14890
8750;1546
8751;552
8752;35717
8753;357173
8754;1982
8755;13600
8756;1466
8757;328392
8758;24731
8759;1554532
8760;1243625
8761;10767
8762;45169
8763;3234
8764;131676
8765;25700
8766;1316762
8767;5775
8768;56945
8769;14440
8770;1243625
8771;55936
8772;971647
8773;777317
8774;88139
8775;2395
8776;4290
8777;77853
8778;778529
8779;14827
8780;84165
8781;11983
8782;777317
8783;90534
8784;61436
8785;79826
8786;5585
8787;55851
8788;79826
8789;779988
8790;623990
8791;70908
8792;709080
8793;623990
8794;29300
8795;28767
8796;2664
8797;26636
8798;28767
8799;81425
8800;262751
8801;7402
8802;74023
8803;262751
8804;203220
8805;162576
8806;18474
8807;184746
8808;162576
8809;202622
8810;162097
8811;18421
8812;184201
8813;162097
8814;241050
8815;483224
8816;21914
8817;219136
8818;483224
8819;4650
8820;6164
8821;641
8822;4009
8823;6164
8824;12760
8825;10965
8826;1160
8827;11600
8828;10965
8829;19426
8830;18348
8831;1766
8832;17660
8833;18348
8834;12760
8835;12071
8836;1160
8837;11600
8838;12071
8839;118923
8840;268070
8841;10811
8842;108112
8843;268070
8844;94718
8845;178186
8846;8611
8847;86107
8848;178186
8849;87450
8850;89182
8851;7950
8852;79500
8853;89182
8854;14520
8855;3711
8856;1320
8857;13200
8858;3711
8859;29446
8860;58673
8861;2677
8862;26769
8863;58673
8864;59370
8865;95922
8866;5397
8867;53973
8868;95922
8869;84832
8870;87477
8871;7712
8872;77120
8873;87477
8874;97450
8875;66123
8876;8859
8877;88591
8878;66123
8879;24200
8880;62251
8881;2200
8882;22000
8883;62251
8884;119394
8885;236824
8886;10854
8887;108540
8888;236824
8889;45360
8890;39169
8891;4124
8892;41236
8893;39169
8894;50050
8895;1300
8896;4550
8897;45500
8898;1300
8899;368085
8900;876556
8901;33462
8902;334623
8903;876556
8904;78768
8905;74788
8906;7161
8907;71607
8908;74788
8909;101121
8910;264145
8911;9193
8912;91928
8913;264145
8914;29300
8915;28767
8916;2664
8917;26636
8918;28767
8919;18270
8920;95323
8921;1660
8922;16610
8923;95323
8924;40608
8925;56927
8926;3692
8927;36916
8928;56927
8929;281820
8930;283622
8931;25620
8932;256200
8933;283622
8934;115624
8935;70382
8936;10511
8937;105113
8938;70382
8939;199515
8940;159612
8941;18138
8942;181377
8943;159612
8944;36916
8945;56927
8946;3356
8947;33560
8948;56927
8949;23540
8950;62251
8951;2140
8952;21400
8953;62251
8954;8000
8955;4458
8956;1103
8957;6897
8958;4458
8959;3190
8960;3294
8961;290
8962;2900
8963;3294
8964;29415
8965;2674
8966;26741
8967;29415
8968;29415
8969;4166
8970;378
8971;3788
8972;7845
8973;7845
8974;32740
8975;2976
8976;29764
8977;32740
8978;32740
8979;3596
8980;56404
8981;60000
8982;210049
8983;210049
8984;13166
8985;13166
8986;73550
8987;73550
8988;93225
8989;93225
8990;47103
8991;14400
8992;79111
8993;62286
8994;153864
8995;2996
8996;359760
8997;40608
8998;18270
8999;29300
9000;50050
9001;45360
9002;24200
9003;97450
9004;29300
9005;334538
9006;3190
9007;3190
9008;199515
9009;84832
9010;284347
9011;119394
9012;119394
9013;29446
9014;29446
9015;14520
9016;87450
9017;101970
9018;94718
9019;94718
9020;118923
9021;118923
9022;12760
9023;19426
9024;12760
9025;44946
9026;199054
9027;199054
9028;19270
9029;19270
9030;61436
9031;61436
9032;12000
9033;12000
9034;38850
9035;38850
9036;430408
9037;430408
9038;152139
9039;152139
9040;6428
9041;6428
9042;258798
9043;199075
9044;3104
9045;7487
9046;1172
9047;22710
9048;227091
9049;498
9050;7327
9051;199075
9052;10591
9053;114700
9054;93735
9055;4846
9056;1093
9057;324
9058;10068
9059;100685
9060;1293
9061;1597
9062;733
9063;93735
9064;5939
9065;749797
9066;1051115
9067;5343
9068;28691
9069;1269
9070;60682
9071;37400
9072;606818
9073;1638
9074;35696
9075;6294
9076;1051115
9077;34034
9078;443699
9079;674959
9080;20206
9081;637
9082;2317
9083;38582
9084;385818
9085;8880
9086;2499
9087;5603
9088;674959
9089;20843
9090;27300
9091;27300
9092;25650
9093;25650
9094;154941
9095;169924
9096;14983
9097;1800000
9098;1737000
9099;63000
9100;21000
9101;21000
9102;166500
9103;166500
9104;12151
9105;12151
9106;601578
9107;601578
9108;78613
9109;78613
9110;48862
9111;48862
9112;1990309
9113;1990309
9114;308952
9115;308952
9116;500614
9117;500614
9118;524667
9119;524667
9120;207094
9121;207094
9122;369872
9123;369872
9124;230677
9125;230677
9126;3908650
9127;3908650
9128;33459
9129;33459
9130;22326
9131;22326
9132;30744
9133;30744
9134;2348506
9135;2348506
9136;194404
9137;194404
9138;90144
9139;90144
9140;86670
9141;86670
9142;2500
9143;2500
9144;175800
9145;153244
9146;22556
9147;154100
9148;118538
9149;931
9150;363672
9151;351
9152;13596
9153;135955
9154;2000
9155;2198
9156;118538
9157;364603
9158;149700
9159;119760
9160;5281
9161;2759
9162;773
9163;490
9164;13013
9165;130136
9166;2328
9167;3000
9168;733
9169;119760
9170;8813
9171;472999
9172;378399
9173;980
9174;29573
9175;558
9176;37314
9177;22800
9178;373140
9179;604
9180;35694
9181;2889
9182;378399
9183;30553
9184;324149
9185;259319
9186;12637
9187;504
9188;2393
9189;27846
9190;278454
9191;14396
9192;499
9193;561
9194;259319
9195;13141
9196;67200
9197;53760
9198;6109
9199;61091
9200;53760
9201;161017
9202;216855
9203;14638
9204;146379
9205;216855
9206;90226
9207;89636
9208;8202
9209;82024
9210;89636
9211;20300
9212;58231
9213;1845
9214;18455
9215;58231
9216;32740
9217;116462
9218;2976
9219;29764
9220;116462
9221;127753
9222;194310
9223;11614
9224;116139
9225;194310
9226;235739
9227;314167
9228;21431
9229;214308
9230;314167
9231;199700
9232;205723
9233;18155
9234;181545
9235;205723
9236;88664
9237;32604
9238;8060
9239;80604
9240;32604
9241;16370
9242;58231
9243;1488
9244;14882
9245;58231
9246;167230
9247;54002
9248;15203
9249;152027
9250;54002
9251;587644
9252;720283
9253;53422
9254;534222
9255;720283
9256;55529
9257;105153
9258;5048
9259;50481
9260;105153
9261;258750
9262;207000
9263;23523
9264;235227
9265;207000
9266;252000
9267;201600
9268;22909
9269;229091
9270;201600
9271;15950
9272;1450
9273;14500
9274;15950
9275;15950
9276;57634
9277;5239
9278;52395
9279;57634
9280;57634
9281;6380
9282;580
9283;5800
9284;13176
9285;13176
9286;3190
9287;290
9288;2900
9289;5483
9290;5483
9291;8837
9292;803
9293;8034
9294;8837
9295;8837
9296;82584
9297;7507
9298;75077
9299;82585
9300;82585
9301;80375
9302;7307
9303;73068
9304;80375
9305;80375
9306;4630
9307;421
9308;4209
9309;3664
9310;3664
9311;252000
9312;258750
9313;510750
9314;16370
9315;16370
9316;111803
9317;111803
9318;20301
9319;20301
9320;90226
9321;90226
9322;161017
9323;161017
9324;67200
9325;67200
9326;282286
9327;282286
9328;38646
9329;122269
9330;160915
9331;225305
9332;225305
9333;151301
9334;60999
9335;212300
9336;209150
9337;56660
9338;46262
9339;15154
9340;10358
9341;11442
9342;120310
9343;34045
9344;503381
9345;63383
9346;91342
9347;111805
9348;266530
9349;74290
9350;147922
9351;34017
9352;37578
9353;89947
9354;383754
9355;161084
9356;8075
9357;49766
9358;218925
9359;31951
9360;31951
9361;298092
9362;32269
9363;330361
9364;39594
9365;33222
9366;72816
9367;58817
9368;58817
9369;40727
9370;40727
9371;125100
9372;50830
9373;107917
9374;283847
9375;73670
9376;73670
9377;688796
9378;218751
9379;170864
9380;69983
9381;52844
9382;299582
9383;83556
9384;1584376
9385;191268
9386;48507
9387;57273
9388;297048
9389;198763
9390;198763
9391;47837
9392;47837
9393;312912
9394;93038
9395;77998
9396;24883
9397;17009
9398;18789
9399;197553
9400;55902
9401;798084
9402;234684
9403;69779
9404;58499
9405;18662
9406;12756
9407;14092
9408;148165
9409;41927
9410;598564
9411;156456
9412;46519
9413;38999
9414;12441
9415;8504
9416;9394
9417;98777
9418;27951
9419;399041
9420;715196
9421;193752
9422;162432
9423;51819
9424;35420
9425;39128
9426;411405
9427;116417
9428;1725569
9429;85858
9430;23260
9431;19500
9432;6221
9433;4252
9434;4697
9435;49388
9436;13976
9437;207152
9438;715196
9439;193752
9440;162432
9441;51819
9442;35420
9443;39128
9444;411405
9445;116417
9446;1725569
9447;357169
9448;96760
9449;81118
9450;25879
9451;17689
9452;19540
9453;205455
9454;58139
9455;861749
9456;133265
9457;156080
9458;109462
9459;15975
9460;165180
9461;29409
9462;36408
9463;20364
9464;141924
9465;808067
9466;21282
9467;457708
9468;13819
9469;57420
9470;85814
9471;636043
9472;10000
9473;84000
9474;23957860
9475;23957860
9476;111760
9477;111760
9478;74156
9479;74156
9480;121084
9481;121084
9482;34496
9483;34496
9484;22793
9485;22793
9486;22852
9487;22852
9488;163814
9489;163814
9490;165728
9491;165728
9492;63726
9493;63726
9494;233143
9495;233143
9496;29432
9497;14067589
9498;14067589
9499;13732578
9500;13732578
9501;1506734
9502;1506734
9503;6764736
9504;3547037
9505;28430263
9506;1810771
9507;113311278,8
9508;3360
9509;3000
9510;2109228
9511;560857
9512;1859526,5
9513;154681004,3
9514;0
9515;61461
9516;61461
9517;58680
9518;58680
9519;180822
9520;180822
9521;11838
9522;2664
9523;2664
9524;368202
9525;34736
9526;402938
9527;152781
9528;152781
9529;628417
9530;59284
9531;687701
9532;10952
9533;1033
9534;11985
9535;661631
9536;687857
9537;43811
9538;11989
9539;5595
9540;1542549
9541;1612162
9542;82068
9543;282
9544;188
9545;11986
9546;14754
9547;1312807
9548;86134
9549;12599
9550;18902
9551;1243420
9552;9326976,58
9553;1454363
9554;98560
9555;1959624
9556;2862000
9557;9353548
9558;43964567
9559;69019929,58
9560;6
9561;15116088,18
9562;16560744
9563;100074401,8
9564;69895625,58
9565;1498050
9566;9002081,28
9567;1352847,47
9568;5801605,81
9569;1847628
9570;2204064,62
9571;2204064,62
9572;81242
9573;81242
9574;31336
9575;31336
9576;120484
9577;120484
9578;110100
9579;110100
9580;109700
9581;109700
9582;71400
9583;71400
9584;291
9585;3000
9586;3000
9587;482398
9588;482398
9589;626031
9590;1629260
9591;331441
9592;626031
9593;331441
9594;1629260
9595;350658
9596;149829
9597;350658
9598;149829
9599;196435
9600;456348
9601;46303
9602;196435
9603;46303
9604;456348
9605;53300
9606;53300
9607;60391
9608;477013
9609;55075
9610;60391
9611;55075
9612;477013
9613;355609
9614;355609
9615;1454363
9616;1454363
9617;56255
9618;56255
9619;29088
9620;29088
9621;56917
9622;56917
9623;44277
9624;44277
9625;9223
9626;9223
9627;6068
9628;6068
9629;48047,3
9630;13727,8
9631;6863,9
9632;68639
9633;26875,1
9634;7678,6
9635;3839,3
9636;38393
9637;201011,3
9638;57431,8
9639;28715,9
9640;287159
9641;201456,5
9642;57559
9643;28779,5
9644;287795
9645;70222,6
9646;20063,6
9647;10031,8
9648;100318
9649;68992
9650;19712
9651;9856
9652;98560
9653;662437
9654;662437
9655;366111
9656;366111
